Name,Ticker,Ticker_TSX
3iQ Bitcoin ETF,BTCQ,BTCQ.TO
3iQ Ether ETF,ETHQ,ETHQ.TO
5N Plus Inc.,VNP,VNP.TO
A&W Revenue Royalties Income Fund,AW,AW.TO
ABC Technologies Holdings Inc.,ABCT,ABCT.TO
Aberdeen International Inc.,AAB,AAB.TO
abrdn Asia-Pacific Income Fund VCC,FAP,FAP.TO
Acadian Timber Corp.,ADN,ADN.TO
Accelerate Absolute Return Hedge Fund,HDGE,HDGE.TO
Accelerate Arbitrage Fund,ARB,ARB.TO
Accelerate Enhanced Canadian Benchmark Alternative Fund,ATSX,ATSX.TO
Accelerate OneChoice Alternative Portfolio ETF,ONEC,ONEC.TO
Accord Financial Corp.,ACD,ACD.TO
Aclara Resources Inc.,ARA,ARA.TO
Adcore Inc.,ADCO,ADCO.TO
ADENTRA Inc.,ADEN,ADEN.TO
ADF Group Inc.,DRX,DRX.TO
Advantage Energy Ltd.,AAV,AAV.TO
Aecon Group Inc.,ARE,ARE.TO
Aegis Brands Inc.,AEG,AEG.TO
AEterna Zentaris Inc.,AEZS,AEZS.TO
Africa Oil Corp.,AOI,AOI.TO
AG Growth International Inc.,AFN,AFN.TO
AGF Management Limited,AGF,AGF.TO
AGF Systematic Canadian Equity ETF,QCD,QCD.TO
AGF Systematic Emerging Markets Equity ETF,QEM,QEM.TO
AGF Systematic International Equity ETF,QIE,QIE.TO
AGF Systematic US Equity ETF,QUS,QUS.TO
AGF US Market Neutral Anti-Beta CAD-Hedged ETF,QBTL,QBTL.TO
Agnico Eagle Mines Limited,AEM,AEM.TO
Agrinam Acquisition Corporation,AGRI,AGRI.TO
Aimia Inc.,AIM,AIM.TO
Air Canada,AC,AC.TO
AirBoss of America Corp.,BOS,BOS.TO
Akita Drilling Ltd.,AKT,AKT.TO
Akumin Inc.,AKU,AKU.TO
Alamos Gold Inc.,AGI,AGI.TO
Alaris Equity Partners Income Trust,AD,AD.TO
Algoma Central Corporation,ALC,ALC.TO
Algoma Steel Group Inc.,ASTL,ASTL.TO
Algonquin Power & Utilities Corp.,AQN,AQN.TO
Alimentation Couche-Tard Inc.,ATD,ATD.TO
Alithya Group Inc.,ALYA,ALYA.TO
Allied Properties Real Estate Investment Trust,AP,AP.TO
Allkem Limited,AKE,AKE.TO
Almaden Minerals Ltd.,AMM,AMM.TO
Almonty Industries Inc.,AII,AII.TO
Alta Copper Corp.,ATCU,ATCU.TO
AltaGas Ltd.,ALA,ALA.TO
Altius Minerals Corporation,ALS,ALS.TO
Altius Renewable Royalties Corp.,ARR,ARR.TO
Altus Group Limited,AIF,AIF.TO
American Hotel Income Properties REIT LP,HOT,HOT.TO
Americas Gold and Silver Corporation,USA,USA.TO
Amerigo Resources Ltd.,ARG,ARG.TO
Anaergia Inc.,ANRG,ANRG.TO
Andlauer Healthcare Group Inc.,AND,AND.TO
Andrew Peller Limited/Andrew Peller Limitee,ADW,ADW.TO
Antibe Therapeutics Inc.,ATE,ATE.TO
Appili Therapeutics Inc.,APLI,APLI.TO
Aptose Biosciences Inc.,APS,APS.TO
ARC Resources Ltd.,ARX,ARX.TO
Argonaut Gold Inc.,AR,AR.TO
Aris Mining Corporation,ARIS,ARIS.TO
Aritzia Inc.,ATZ,ATZ.TO
Arizona Metals Corp.,AMC,AMC.TO
Arizona Sonoran Copper Company Inc.,ASCU,ASCU.TO
Arrow EC Income Advantage Alternative Fund,RATE,RATE.TO
Arrow Long/Short Alternative Class ETF,ACAA,ACAA.TO
Artis Real Estate Investment Trust,AX,AX.TO
Ascendant Resources Inc.,ASND,ASND.TO
Ascot Resources Ltd.,AOT,AOT.TO
Atco Ltd.,ACO,ACO.TO
Athabasca Oil Corporation,ATH,ATH.TO
Atrium Mortgage Investment Corporation,AI,AI.TO
ATS Corporation,ATS,ATS.TO
Augusta Gold Corp.,G,G.TO
Aura Minerals Inc.,ORA,ORA.TO
Aurora Cannabis Inc.,ACB,ACB.TO
Australian REIT Income Fund,HRR,HRR.TO
AutoCanada Inc.,ACQ,ACQ.TO
Automotive Properties Real Estate Investment Trust,APR,APR.TO
Auxly Cannabis Group Inc.,XLY,XLY.TO
Avalon Advanced Materials Inc.,AVL,AVL.TO
Avant Brands Inc.,AVNT,AVNT.TO
Avicanna Inc.,AVCN,AVCN.TO
Avino Silver & Gold Mines Ltd.,ASM,ASM.TO
Axis Auto Finance Inc.,AXIS,AXIS.TO
Aya Gold & Silver Inc.,AYA,AYA.TO
B2Gold Corp.,BTO,BTO.TO
Badger Infrastructure Solutions Ltd.,BDGI,BDGI.TO
Ballard Power Systems Inc.,BLDP,BLDP.TO
Bank of Montreal,BMO,BMO.TO
Bank of Nova Scotia (The),BNS,BNS.TO
Barrick Gold Corporation,ABX,ABX.TO
Bausch + Lomb Corporation,BLCO,BLCO.TO
Bausch Health Companies Inc.,BHC,BHC.TO
Baylin Technologies Inc.,BYL,BYL.TO
Baytex Energy Corp.,BTE,BTE.TO
BBTV Holdings Inc.,BBTV,BBTV.TO
BCE Inc.,BCE,BCE.TO
Becker Milk Company Ltd. (The),BEK,BEK.TO
Belo Sun Mining Corp.,BSX,BSX.TO
Bengal Energy Ltd.,BNG,BNG.TO
BetaPro Canadian Gold Miners -2x Daily Bear ETF,HGD,HGD.TO
BetaPro Canadian Gold Miners 2x Daily Bull ETF,HGU,HGU.TO
BetaPro Crude Oil Inverse Leveraged Daily Bear ETF,HOD,HOD.TO
BetaPro Crude Oil Leveraged Daily Bull ETF,HOU,HOU.TO
BetaPro Equal Weight Canadian Bank -2x Daily Bear ETF,HBKD,HBKD.TO
BetaPro Equal Weight Canadian Bank 2x Daily Bull ETF,HBKU,HBKU.TO
BetaPro Equal Weight Canadian REIT -2x Daily Bear ETF,HRED,HRED.TO
BetaPro Equal Weight Canadian REIT 2x Daily Bull ETF,HREU,HREU.TO
BetaPro Gold Bullion -2x Daily Bear ETF,HBD,HBD.TO
BetaPro Gold Bullion 2x Daily Bull ETF,HBU,HBU.TO
BetaPro Inverse Bitcoin ETF,BITI,BITI.TO
BetaPro Marijuana Companies 2x Daily Bull ETF,HMJU,HMJU.TO
BetaPro Marijuana Companies Inverse ETF,HMJI,HMJI.TO
BetaPro NASDAQ-100 -2x Daily Bear ETF,HQD,HQD.TO
BetaPro NASDAQ-100 2x Daily Bull ETF,HQU,HQU.TO
BetaPro Natural Gas Inverse Leveraged Daily Bear ETF,HND,HND.TO
BetaPro Natural Gas Leveraged Daily Bull ETF,HNU,HNU.TO
BetaPro S&P 500 -2x Daily Bear ETF,HSD,HSD.TO
BetaPro S&P 500 2x Daily Bull ETF,HSU,HSU.TO
BetaPro S&P 500 Daily Inverse ETF,HIU,HIU.TO
BetaPro S&P 500 VIX Short-Term Futures ETF,HUV,HUV.TO
BetaPro S&P/TSX 60 -2x Daily Bear ETF,HXD,HXD.TO
BetaPro S&P/TSX 60 2x Daily Bull ETF,HXU,HXU.TO
BetaPro S&P/TSX 60 Daily Inverse ETF,HIX,HIX.TO
BetaPro S&P/TSX Capped Energy -2x Daily Bear ETF,HED,HED.TO
BetaPro S&P/TSX Capped Energy 2x Daily Bull ETF,HEU,HEU.TO
BetaPro S&P/TSX Capped Financials -2x Daily Bear ETF,HFD,HFD.TO
BetaPro S&P/TSX Capped Financials 2x Daily Bull ETF,HFU,HFU.TO
BetaPro Silver -2x Daily Bear ETF,HZD,HZD.TO
BetaPro Silver 2x Daily Bull ETF,HZU,HZU.TO
Big Banc Split Corp.,BNK,BNK.TO
Big Pharma Split Corp.,PRM,PRM.TO
Big Rock Brewery Inc.,BR,BR.TO
BIP Investment Corporation,BIK,BIK.TO
Birchcliff Energy Ltd.,BIR,BIR.TO
Bird Construction Inc.,BDT,BDT.TO
Bitcoin ETF,EBIT,EBIT.TO
Bitfarms Ltd.,BITF,BITF.TO
Black Diamond Global Equity Fund,BDEQ,BDEQ.TO
Black Diamond Group Limited,BDI,BDI.TO
Black Diamond Impact Core Equity Fund,BDIC,BDIC.TO
Black Iron Inc.,BKI,BKI.TO
BlackBerry Limited,BB,BB.TO
Blackline Safety Corp.,BLN,BLN.TO
Blockchain Technologies ETF,HBLK,HBLK.TO
Bloom Select Income Fund,BLB,BLB.TO
Blue Ribbon Income Fund,RBN,RBN.TO
BMO Aggregate Bond Index ETF,ZAG,ZAG.TO
BMO All-Equity ETF,ZEQT,ZEQT.TO
BMO ARK Genomic Revolution Fund,ARKG,ARKG.TO
BMO ARK Innovation Fund,ARKK,ARKK.TO
BMO ARK Next Generation Internet Fund,ARKW,ARKW.TO
BMO Balanced ESG ETF,ZESG,ZESG.TO
BMO Balanced ETF,ZBAL,ZBAL.TO
BMO BBB Corporate Bond Index ETF,ZBBB,ZBBB.TO
BMO Brookfield Global Real Estate Tech Fund,TOWR,TOWR.TO
BMO Brookfield Global Renewables Infrastructure Fund,GRNI,GRNI.TO
BMO Canadian Bank Income Index ETF,ZBI,ZBI.TO
BMO Canadian Dividend ETF,ZDV,ZDV.TO
BMO Canadian High Dividend Covered Call ETF,ZWC,ZWC.TO
BMO Canadian MBS Index ETF,ZMBS,ZMBS.TO
BMO Clean Energy Index ETF,ZCLN,ZCLN.TO
BMO Conservative ETF,ZCON,ZCON.TO
BMO Core Plus Bond Fund,ZCPB,ZCPB.TO
BMO Corporate Bond Index ETF,ZCB,ZCB.TO
BMO Corporate Discount Bond ETF,ZCDB,ZCDB.TO
BMO Covered Call Canadian Banks ETF,ZWB,ZWB.TO
BMO Covered Call Dow Jones Industrial Average Hedged to CAD ETF,ZWA,ZWA.TO
BMO Covered Call Energy ETF,ZWEN,ZWEN.TO
BMO Covered Call Health Care ETF,ZWHC,ZWHC.TO
BMO Covered Call Technology ETF,ZWT,ZWT.TO
BMO Covered Call US Banks ETF,ZWK,ZWK.TO
BMO Covered Call Utilities ETF,ZWU,ZWU.TO
BMO Discount Bond Index ETF,ZDB,ZDB.TO
BMO Dow Jones Industrial Average Hedged to CAD Index ETF,ZDJ,ZDJ.TO
BMO Emerging Markets Bond Hedged to CAD Index ETF,ZEF,ZEF.TO
BMO Equal Weight Banks Index ETF,ZEB,ZEB.TO
BMO Equal Weight Global Base Metals Hedged to CAD Index ETF,ZMT,ZMT.TO
BMO Equal Weight Global Gold Index ETF,ZGD,ZGD.TO
BMO Equal Weight Industrials Index ETF,ZIN,ZIN.TO
BMO Equal Weight Oil & Gas Index ETF,ZEO,ZEO.TO
BMO Equal Weight REITs Index ETF,ZRE,ZRE.TO
BMO Equal Weight US Banks Hedged to CAD Index ETF,ZUB,ZUB.TO
BMO Equal Weight US Banks Index ETF,ZBK,ZBK.TO
BMO Equal Weight US Health Care Hedged to CAD Index ETF,ZUH,ZUH.TO
BMO Equal Weight US Health Care Index ETF,ZHU,ZHU.TO
BMO Equal Weight Utilities Index ETF,ZUT,ZUT.TO
BMO ESG Corporate Bond Index ETF,ESGB,ESGB.TO
BMO ESG High Yield US Corporate Bond Index ETF,ESGH,ESGH.TO
BMO ESG US Corporate Bond Hedged to CAD Index ETF,ESGF,ESGF.TO
BMO Europe High Dividend Covered Call ETF,ZWP,ZWP.TO
BMO Europe High Dividend Covered Call Hedged to CAD ETF,ZWE,ZWE.TO
BMO Floating Rate High Yield ETF,ZFH,ZFH.TO
BMO Global Agriculture ETF,ZEAT,ZEAT.TO
BMO Global Communications Index ETF,COMM,COMM.TO
BMO Global Consumer Discretionary Hedged to CAD Index ETF,DISC,DISC.TO
BMO Global Consumer Staples Hedged to CAD Index ETF,STPL,STPL.TO
BMO Global Enhanced Income Fund,ZWQT,ZWQT.TO
BMO Global High Dividend Covered Call ETF,ZWG,ZWG.TO
BMO Global Infrastructure Index ETF,ZGI,ZGI.TO
BMO Global Strategic Bond Fund,ZGSB,ZGSB.TO
BMO Government Bond Index ETF,ZGB,ZGB.TO
BMO Growth ETF,ZGRO,ZGRO.TO
BMO High Quality Corporate Bond Index ETF,ZQB,ZQB.TO
BMO High Yield US Corporate Bond Hedged to CAD Index ETF,ZHY,ZHY.TO
BMO High Yield US Corporate Bond Index ETF,ZJK,ZJK.TO
BMO International Dividend ETF,ZDI,ZDI.TO
BMO International Dividend Hedged to CAD ETF,ZDH,ZDH.TO
BMO Japan Index ETF,ZJPN,ZJPN.TO
BMO Junior Gold Index ETF,ZJG,ZJG.TO
BMO Laddered Preferred Share Index ETF,ZPR,ZPR.TO
BMO Long Corporate Bond Index ETF,ZLC,ZLC.TO
BMO Long Federal Bond Index ETF,ZFL,ZFL.TO
BMO Long Provincial Bond Index ETF,ZPL,ZPL.TO
BMO Low Volatility Canadian Equity ETF,ZLB,ZLB.TO
BMO Low Volatility Emerging Markets Equity ETF,ZLE,ZLE.TO
BMO Low Volatility International Equity ETF,ZLI,ZLI.TO
BMO Low Volatility International Equity Hedged to CAD ETF,ZLD,ZLD.TO
BMO Low Volatility US Equity ETF,ZLU,ZLU.TO
BMO Low Volatility US Equity Hedged to CAD ETF,ZLH,ZLH.TO
BMO Mid Corporate Bond Index ETF,ZCM,ZCM.TO
BMO Mid Federal Bond Index ETF,ZFM,ZFM.TO
BMO Mid Provincial Bond Index ETF,ZMP,ZMP.TO
BMO Mid-Term US IG Corporate Bond Hedged to CAD Index ETF,ZMU,ZMU.TO
BMO Mid-Term US IG Corporate Bond Index ETF,ZIC,ZIC.TO
BMO Money Market Fund ETF,ZMMK,ZMMK.TO
BMO Monthly Income ETF,ZMI,ZMI.TO
BMO MSCI ACWI Paris Aligned Climate Equity Index ETF,ZGRN,ZGRN.TO
BMO MSCI All Country World High Quality Index ETF,ZGQ,ZGQ.TO
BMO MSCI Canada ESG Leaders Index ETF,ESGA,ESGA.TO
BMO MSCI Canada Value Index ETF,ZVC,ZVC.TO
BMO MSCI China ESG Leaders Index ETF,ZCH,ZCH.TO
BMO MSCI EAFE ESG Leaders Index ETF,ESGE,ESGE.TO
BMO MSCI EAFE Hedged to CAD Index ETF,ZDM,ZDM.TO
BMO MSCI EAFE Index ETF,ZEA,ZEA.TO
BMO MSCI Emerging Markets Index ETF,ZEM,ZEM.TO
BMO MSCI Europe High Quality Hedged to CAD Index ETF,ZEQ,ZEQ.TO
BMO MSCI Fintech Innovation Index ETF,ZFIN,ZFIN.TO
BMO MSCI Genomic Innovation Index ETF,ZGEN,ZGEN.TO
BMO MSCI Global ESG Leader Index ETF,ESGG,ESGG.TO
BMO MSCI India ESG Leaders Index ETF,ZID,ZID.TO
BMO MSCI Innovation Index ETF,ZINN,ZINN.TO
BMO MSCI Next Gen Internet Innovation Index ETF,ZINT,ZINT.TO
BMO MSCI Tech & Industrial Innovation Index ETF,ZAUT,ZAUT.TO
BMO MSCI USA ESG Leaders Index ETF,ESGY,ESGY.TO
BMO MSCI USA High Quality Index ETF,ZUQ,ZUQ.TO
BMO MSCI USA Value Index ETF,ZVU,ZVU.TO
BMO NASDAQ 100 Equity Hedged To CAD Index ETF,ZQQ,ZQQ.TO
BMO NASDAQ 100 Equity Index ETF,ZNQ,ZNQ.TO
BMO Premium Yield ETF,ZPAY,ZPAY.TO
BMO Real Return Bond Index ETF,ZRR,ZRR.TO
BMO S&P 500 Hedged to CAD Index ETF,ZUE,ZUE.TO
BMO S&P 500 Index ETF,ZSP,ZSP.TO
BMO S&P US Mid Cap Index ETF,ZMID,ZMID.TO
BMO S&P US Small Cap Index ETF,ZSML,ZSML.TO
BMO S&P/TSX Capped Composite Index ETF,ZCN,ZCN.TO
BMO Short Corporate Bond Index ETF,ZCS,ZCS.TO
BMO Short Federal Bond Index ETF,ZFS,ZFS.TO
BMO Short Provincial Bond Index ETF,ZPS,ZPS.TO
BMO Short-Term Bond Index ETF,ZSB,ZSB.TO
BMO Short-Term Discount Bond ETF,ZSDB,ZSDB.TO
BMO Short-Term US IG Corporate Bond Hedged to CAD Index ETF,ZSU,ZSU.TO
BMO Short-Term US TIPS Index ETF,ZTIP,ZTIP.TO
BMO SIA Focused Canadian Equity Fund,ZFC,ZFC.TO
BMO SIA Focused North American Equity Fund,ZFN,ZFN.TO
BMO Sustainable Global Multi-Sector Bond Fund ETF,ZMSB,ZMSB.TO
BMO Tactical Dividend ETF Fund,ZZZD,ZZZD.TO
BMO U.S. All Cap Equity Fund,ZACE,ZACE.TO
BMO U.S. Equity Growth MFR Fund,ZUGE,ZUGE.TO
BMO U.S. Equity Value MFR Fund,ZUVE,ZUVE.TO
BMO Ultra Short-Term Bond ETF,ZST,ZST.TO
BMO Ultra Short-Term US Bond ETF,ZUS,ZUS.TO
BMO US Aggregate Bond Index ETF,ZUAG,ZUAG.TO
BMO US Dividend ETF,ZDY,ZDY.TO
BMO US Dividend Hedged to CAD ETF,ZUD,ZUD.TO
BMO US High Dividend Covered Call ETF,ZWH,ZWH.TO
BMO US High Dividend Covered Call Hedged to CAD ETF,ZWS,ZWS.TO
BMO US Preferred Share Hedged to CAD Index ETF,ZHP,ZHP.TO
BMO US Preferred Share Index ETF,ZUP,ZUP.TO
BMO US Put Write ETF,ZPW,ZPW.TO
BMO US Put Write Hedged to CAD ETF,ZPH,ZPH.TO
BMO US TIPS Index ETF,TIPS,TIPS.TO
BMO Women in Leadership Fund,WOMN,WOMN.TO
BMTC Group Inc.,GBT,GBT.TO
Boardwalk Real Estate Investment Trust,BEI,BEI.TO
Boat Rocker Media Inc.,BRMI,BRMI.TO
Bombardier Inc.,BBD,BBD.TO
Bonterra Energy Corp.,BNE,BNE.TO
Boralex Inc.,BLX,BLX.TO
Boston Pizza Royalties Income Fund,BPF,BPF.TO
Boyd Group Services inc.,BYD,BYD.TO
Bragg Gaming Group Inc.,BRAG,BRAG.TO
BriaCell Therapeutics Corp.,BCT,BCT.TO
Bri-Chem Corp.,BRY,BRY.TO
Bridgemarq Real Estate Services Inc.,BRE,BRE.TO
Bristol Gate Concentrated Canadian Equity ETF,BGC,BGC.TO
Bristol Gate Concentrated US Equity ETF,BGU,BGU.TO
Brompton Enhanced Multi-Asset Income ETF,BMAX,BMAX.TO
Brompton European Dividend Growth ETF,EDGF,EDGF.TO
Brompton Flaherty & Crumrine Enhanced Investment Grade Preferred ETF,BEPR,BEPR.TO
Brompton Flaherty & Crumrine Investment Grade Preferred ETF,BPRF,BPRF.TO
Brompton Global Dividend Growth ETF,BDIV,BDIV.TO
Brompton Global Healthcare Income & Growth ETF,HIG,HIG.TO
Brompton Lifeco Split Corp.,LCS,LCS.TO
Brompton North American Financials Dividend ETF,BFIN,BFIN.TO
Brompton North American Low Volatility Dividend ETF,BLOV,BLOV.TO
Brompton Oil Split Corp.,OSP,OSP.TO
Brompton Split Banc Corp.,SBC,SBC.TO
Brompton Split Corp. Preferred Share ETF,SPLT,SPLT.TO
Brompton Sustainable Real Assets Dividend ETF,BREA,BREA.TO
Brompton Tech Leaders Income ETF,TLF,TLF.TO
Brookfield Asset Management Ltd.,BAM,BAM.TO
Brookfield Business Corporation,BBUC,BBUC.TO
Brookfield Business Partners L.P.,BBU,BBU.TO
Brookfield Corporation,BN,BN.TO
Brookfield Global Infrastructure Securities Income Fund,BGI,BGI.TO
Brookfield Infrastructure Corporation,BIPC,BIPC.TO
Brookfield Infrastructure Partners L.P.,BIP,BIP.TO
Brookfield Office Properties Inc.,BPO,BPO.TO
Brookfield Property Preferred L.P.,BPYP,BPYP.TO
Brookfield Property Split Corp.,BPS,BPS.TO
Brookfield Reinsurance Ltd.,BNRE,BNRE.TO
Brookfield Renewable Corporation,BEPC,BEPC.TO
Brookfield Renewable Partners L.P.,BEP,BEP.TO
Brookfield Renewable Power Preferred Equity Inc.,BRF,BRF.TO
BRP Inc.,DOO,DOO.TO
BSR Real Estate Investment Trust,HOM,HOM.TO
BTB Real Estate Investment Trust,BTB,BTB.TO
Buhler Industries Inc.,BUI,BUI.TO
Burcon NutraScience Corporation,BU,BU.TO
CAE Inc.,CAE,CAE.TO
Caldwell Partners International Inc. (The),CWL,CWL.TO
Caldwell U.S. Dividend Advantage Fund,UDA,UDA.TO
Calfrac Well Services Ltd.,CFW,CFW.TO
Calian Group Ltd.,CGY,CGY.TO
Calibre Mining Corp.,CXB,CXB.TO
Cameco Corporation,CCO,CCO.TO
Canaccord Genuity Group Inc.,CF,CF.TO
Canacol Energy Ltd.,CNE,CNE.TO
Canada Goose Holdings Inc.,GOOS,GOOS.TO
Canadian Apartment Properties Real Estate Investment Trust,CAR,CAR.TO
Canadian Banc Corp.,BK,BK.TO
Canadian General Investments Limited,CGI,CGI.TO
Canadian High Income Equity Fund,CIQ,CIQ.TO
Canadian Imperial Bank Of Commerce,CM,CM.TO
Canadian Life Companies Split Corp.,LFE,LFE.TO
Canadian National Railway Company,CNR,CNR.TO
Canadian Natural Resources Limited,CNQ,CNQ.TO
Canadian Pacific Kansas City Limited,CP,CP.TO
Canadian Tire Corporation Limited,CTC,CTC.TO
Canadian Utilities Limited,CU,CU.TO
Canadian Western Bank,CWB,CWB.TO
Canagold Resources Ltd.,CCM,CCM.TO
Canfor Corporation,CFP,CFP.TO
Canfor Pulp Products Inc.,CFX,CFX.TO
Canlan Ice Sports Corp.,ICE,ICE.TO
Canoe EIT Income Fund,EIT,EIT.TO
Canopy Growth Corporation,WEED,WEED.TO
Canso Credit Income Fund,PBY,PBY.TO
Capital Power Corporation,CPX,CPX.TO
Capstone Copper Corp.,CS,CS.TO
Capstone Infrastructure Corporation,CSE,CSE.TO
Cardinal Energy Ltd.,CJ,CJ.TO
Cardiol Therapeutics Inc.,CRDL,CRDL.TO
CareRx Corporation,CRRX,CRRX.TO
Cargojet Inc.,CJT,CJT.TO
"Caribbean Utilities Company, Ltd.",CUP,CUP.TO
Cascades Inc.,CAS,CAS.TO
Cathedral Energy Services Ltd.,CET,CET.TO
CCL Industries Inc.,CCL,CCL.TO
Celestica Inc.,CLS,CLS.TO
Cenovus Energy Inc.,CVE,CVE.TO
Centamin plc,CEE,CEE.TO
Centerra Gold Inc.,CG,CG.TO
Century Global Commodities Corporation,CNT,CNT.TO
Ceres Global Ag Corp.,CRP,CRP.TO
Ceridian HCM Holding Inc.,CDAY,CDAY.TO
CES Energy Solutions Corp.,CEU,CEU.TO
CGI Inc.,GIB,GIB.TO
Champion Iron Limited,CIA,CIA.TO
"Charlotte's Web Holdings, Inc.",CWEB,CWEB.TO
Chartwell Retirement Residences,CSH,CSH.TO
Chemtrade Logistics Income Fund,CHE,CHE.TO
Chesswood Group Limited,CHW,CHW.TO
China Gold International Resources Corp. Ltd.,CGG,CGG.TO
Choice Properties Real Estate Investment Trust,CHP,CHP.TO
Chorus Aviation Inc.,CHR,CHR.TO
CI 1-5 Year Laddered Government Strip Bond Index ETF,BXF,BXF.TO
CI Alternative Diversified Opportunities Fund,CMDO,CMDO.TO
CI Alternative Investment Grade Credit Fund,CRED,CRED.TO
CI Alternative North American Opportunities Fund,CNAO,CNAO.TO
CI Auspice Broad Commodity Fund,CCOM,CCOM.TO
CI Balanced Asset Allocation ETF,CBAL,CBAL.TO
CI Balanced Growth Asset Allocation ETF,CBGR,CBGR.TO
CI Balanced Income Asset Allocation ETF,CBIN,CBIN.TO
CI Bio-Revolution Index ETF,CDNA,CDNA.TO
CI Canadian Banks Covered Call Income Class ETF,CIC,CIC.TO
CI Canadian Convertible Bond ETF,CXF,CXF.TO
CI Canadian REIT ETF,RIT,RIT.TO
CI Conservative Asset Allocation ETF,CCNV,CCNV.TO
CI Digital Security Index ETF,CBUG,CBUG.TO
CI DoubleLine Core Plus Fixed Income US$ Fund ETF,CCOR,CCOR.TO
CI DoubleLine Income US$ Fund ETF,CINC,CINC.TO
CI DoubleLine Total Return Bond US$ Fund ETF,CDLB,CDLB.TO
CI Emerging Markets Alpha ETF,CIEM,CIEM.TO
CI Energy Giants Covered Call ETF,NXF,NXF.TO
CI Enhanced Government Bond ETF,FGO,FGO.TO
CI Enhanced Short Duration Bond Fund,FSB,FSB.TO
CI Equity Asset Allocation ETF,CEQT,CEQT.TO
CI Financial Corp.,CIX,CIX.TO
CI Floating Rate Income Fund,CFRT,CFRT.TO
CI Galaxy Bitcoin ETF,BTCX,BTCX.TO
CI Galaxy Blockchain Index ETF,CBCX,CBCX.TO
CI Galaxy Ethereum ETF,ETHX,ETHX.TO
CI Galaxy Metaverse Index ETF,CMVX,CMVX.TO
CI Galaxy Multi-Crypto ETF,CMCX,CMCX.TO
CI Global Alpha Innovation ETF,CINV,CINV.TO
CI Global Asset Allocation Private Pool,CGAA,CGAA.TO
CI Global Climate Leaders Fund,CLML,CLML.TO
CI Global Financial Sector ETF,FSF,FSF.TO
CI Global Green Bond Fund ETF,CGRB,CGRB.TO
CI Global High Yield Credit Private Pool,CGHY,CGHY.TO
CI Global Infrastructure Private Pool ETF,CINF,CINF.TO
CI Global Investment Grade ETF,CGIN,CGIN.TO
CI Global Longevity Economy Fund,LONG,LONG.TO
CI Global Minimum Downside Volatility Index ETF,CGDV,CGDV.TO
CI Global Real Asset Private Pool ETF,CGRA,CGRA.TO
CI Global REIT Private Pool ETF,CGRE,CGRE.TO
CI Global Sustainable Infrastructure Fund ETF,CGRN,CGRN.TO
CI Gold Bullion Fund,VALT,VALT.TO
CI Gold+ Giants Covered Call ETF,CGXF,CGXF.TO
CI Growth Asset Allocation ETF,CGRO,CGRO.TO
CI Health Care Giants Covered Call ETF,FHI,FHI.TO
CI High Interest Savings ETF,CSAV,CSAV.TO
CI ICBCCS S&P China 500 Index ETF,CHNA,CHNA.TO
CI Investment Grade Bond ETF,FIG,FIG.TO
CI Marret Alternative Absolute Return Bond Fund,CMAR,CMAR.TO
CI Marret Alternative Enhanced Yield Fund ETF,CMEY,CMEY.TO
CI Money Market ETF,CMNY,CMNY.TO
CI Morningstar Canada Momentum Index ETF,WXM,WXM.TO
CI Morningstar Canada Value Index ETF,FXM,FXM.TO
CI Morningstar International Momentum Index ETF,ZXM,ZXM.TO
CI Morningstar International Value Index ETF,VXM,VXM.TO
CI Morningstar National Bank Qu‚bec Index ETF,QXM,QXM.TO
CI Morningstar US Momentum Index ETF,YXM,YXM.TO
CI Morningstar US Value Index ETF,XXM,XXM.TO
CI MSCI Canada Quality Index Class ETF,FQC,FQC.TO
CI Munro Alternative Global Growth Fund,CMAG,CMAG.TO
CI Munro Global Growth Equity Fund,CMGG,CMGG.TO
CI ONE Global Equity ETF,ONEQ,ONEQ.TO
CI ONE North American Core Plus Bond ETF,ONEB,ONEB.TO
CI Preferred Share ETF,FPR,FPR.TO
CI Short Term Government Bond Index Class ETF,FGB,FGB.TO
CI Tech Giants Covered Call ETF,TXF,TXF.TO
CI U.S. & Canada Lifeco Covered Call ETF,FLI,FLI.TO
CI U.S. Minimum Downside Volatility Index ETF,CUDV,CUDV.TO
CI U.S. Money Market ETF,UMNY,UMNY.TO
CI U.S. Trendleaders Index ETF,SID,SID.TO
CI Utilities Giants Covered Call ETF,CUTL,CUTL.TO
CI WisdomTree Canada Quality Dividend Growth Index ETF,DGRC,DGRC.TO
CI WisdomTree Emerging Markets Dividend Index ETF,EMV,EMV.TO
CI WisdomTree Europe Hedged Equity Index ETF,EHE,EHE.TO
CI WisdomTree International Quality Dividend Growth Index ETF,IQD,IQD.TO
CI WisdomTree International Quality Dividend Growth Variably Hedged Index ETF,DQI,DQI.TO
CI WisdomTree Japan Equity Index ETF,JAPN,JAPN.TO
CI WisdomTree U.S. MidCap Dividend Index ETF,UMI,UMI.TO
CI WisdomTree U.S. Quality Dividend Growth Index ETF,DGR,DGR.TO
CI WisdomTree U.S. Quality Dividend Growth Variably Hedged Index ETF,DQD,DQD.TO
CI Yield Enhanced Canada Aggregate Bond Index ETF,CAGG,CAGG.TO
CI Yield Enhanced Canada Short-Term Aggregate Bond Index ETF,CAGS,CAGS.TO
CIBC Active Investment Grade Corporate Bond ETF,CACB,CACB.TO
CIBC Active Investment Grade Floating Rate Bond ETF,CAFR,CAFR.TO
CIBC Canadian Bond Index ETF,CCBI,CCBI.TO
CIBC Canadian Equity Index ETF,CCEI,CCEI.TO
CIBC Canadian Short-Term Bond Index ETF,CSBI,CSBI.TO
CIBC Conservative Fixed Income Pool,CCNS,CCNS.TO
CIBC Core Fixed Income Pool,CCRE,CCRE.TO
CIBC Core Plus Fixed Income Pool,CPLS,CPLS.TO
CIBC Emerging Markets Equity Index ETF,CEMI,CEMI.TO
CIBC Flexible Yield ETF (CAD-Hedged),CFLX,CFLX.TO
CIBC Global Bond ex-Canada Index ETF (CAD-Hedged),CGBI,CGBI.TO
CIBC Global Growth ETF,CGLO,CGLO.TO
CIBC International Equity ETF,CINT,CINT.TO
CIBC International Equity Index ETF,CIEI,CIEI.TO
CIBC International Equity Index ETF (CAD-Hedged),CIEH,CIEH.TO
CIBC U.S. Equity Index ETF,CUEI,CUEI.TO
CIBC U.S. Equity Index ETF (CAD-Hedged),CUEH,CUEH.TO
Cineplex Inc.,CGX,CGX.TO
Cipher Pharmaceuticals Inc.,CPH,CPH.TO
Citadel Income Fund,CTF,CTF.TO
Clairvest Group Inc.,CVG,CVG.TO
Clarke Inc.,CKI,CKI.TO
Cogeco Communications Inc.,CCA,CCA.TO
Cogeco Inc.,CGO,CGO.TO
Colabor Group Inc.,GCL,GCL.TO
Colliers International Group Inc.,CIGI,CIGI.TO
Commerce Split Corp.,YCM,YCM.TO
Computer Modelling Group Ltd.,CMG,CMG.TO
Condor Energies Inc.,CDR,CDR.TO
Condor Gold plc,COG,COG.TO
Conifex Timber Inc.,CFF,CFF.TO
Constellation Software Inc.,CSU,CSU.TO
Converge Technology Solutions Corp.,CTS,CTS.TO
Co-operators General Insurance Company,CCS,CCS.TO
Copperleaf Technologies Inc.,CPLF,CPLF.TO
Corby Spirit and Wine Limited,CSW,CSW.TO
Corus Entertainment Inc.,CJR,CJR.TO
Coveo Solutions Inc.,CVO,CVO.TO
Crescent Point Energy Corp.,CPG,CPG.TO
Crescita Therapeutics Inc.,CTX,CTX.TO
Crew Energy Inc.,CR,CR.TO
Crombie Real Estate Investment Trust,CRR,CRR.TO
Cronos Group Inc.,CRON,CRON.TO
Crown Capital Partners Inc.,CRWN,CRWN.TO
CT Real Estate Investment Trust,CRT,CRT.TO
CU Inc.,CIU,CIU.TO
CubicFarm Systems Corp.,CUB,CUB.TO
Currency Exchange International Corp.,CXI,CXI.TO
Cymbria Corporation,CYB,CYB.TO
D2L Inc.,DTOL,DTOL.TO
Data Communications Management Corp.,DCM,DCM.TO
D-Box Technologies Inc.,DBO,DBO.TO
Definity Financial Corporation,DFY,DFY.TO
Delta 9 Cannabis Inc.,DN,DN.TO
Denison Mines Corp.,DML,DML.TO
dentalcorp Holdings Ltd.,DNTL,DNTL.TO
Descartes Systems Group Inc. (The),DSG,DSG.TO
Desjardins 1-5 year Laddered Canadian Corporate Bond Index ETF,DCC,DCC.TO
Desjardins 1-5 year Laddered Canadian Government Bond Index ETF,DCG,DCG.TO
Desjardins Alt Long/Short Equity Market Neutral ETF,DANC,DANC.TO
Desjardins Alt Long/Short Global Equity Markets ETF,DAMG,DAMG.TO
Desjardins Canadian Preferred Share Index ETF,DCP,DCP.TO
Desjardins Canadian Short Term Bond Index ETF,DCS,DCS.TO
Desjardins Canadian Universe Bond Index ETF,DCU,DCU.TO
Desjardins RI Active Canadian Bond - Low CO2 ETF,DRCU,DRCU.TO
Desjardins RI Canada - Low CO2 Index ETF,DRMC,DRMC.TO
Desjardins RI Canada Multifactor - Low CO2 ETF,DRFC,DRFC.TO
Desjardins RI Developed ex-USA ex-Canada - Low CO2 Index ETF,DRMD,DRMD.TO
Desjardins RI Developed ex-USA ex-Canada Multifactor - Low CO2 ETF,DRFD,DRFD.TO
Desjardins RI Emerging Markets - Low CO2 Index ETF,DRME,DRME.TO
Desjardins RI Emerging Markets Multifactor - Low CO2 ETF,DRFE,DRFE.TO
Desjardins RI Global Multifactor - Fossil Fuel Reserves Free ETF,DRFG,DRFG.TO
Desjardins RI USA - Low CO2 Index ETF,DRMU,DRMU.TO
Desjardins RI USA Multifactor - Low CO2 ETF,DRFU,DRFU.TO
Desjardins SocieTerra American Equity ETF,DSAE,DSAE.TO
Dexterra Group Inc.,DXT,DXT.TO
Dialogue Health Technologies Inc.,CARE,CARE.TO
DIRTT Environmental Solutions Ltd.,DRT,DRT.TO
Discovery Silver Corp.,DSV,DSV.TO
Diversified Royalty Corp.,DIV,DIV.TO
Dividend 15 Split Corp.,DFN,DFN.TO
Dividend 15 Split Corp. II,DF,DF.TO
Dividend Growth Split Corp.,DGS,DGS.TO
Dividend Select 15 Corp.,DS,DS.TO
Docebo Inc.,DCBO,DCBO.TO
Dollarama Inc.,DOL,DOL.TO
Doman Building Materials Group Ltd.,DBM,DBM.TO
Dominion Lending Centres Inc.,DLCG,DLCG.TO
Dorel Industries Inc.,DII,DII.TO
Dream Impact Trust,MPCT,MPCT.TO
Dream Industrial Real Estate Investment Trust,DIR,DIR.TO
Dream Office Real Estate Investment Trust,D,D.TO
Dream Residential Real Estate Investment Trust,DRR,DRR.TO
DREAM Unlimited Corp.,DRM,DRM.TO
DRI Healthcare Trust,DHT,DHT.TO
Dundee Corporation,DC,DC.TO
Dundee Precious Metals Inc.,DPM,DPM.TO
Dye & Durham Limited,DND,DND.TO
dynaCERT Inc.,DYA,DYA.TO
Dynacor Group Inc.,DNG,DNG.TO
Dynamic Active Canadian Dividend ETF,DXC,DXC.TO
Dynamic Active Crossover Bond ETF,DXO,DXO.TO
Dynamic Active Discount Bond ETF,DXDB,DXDB.TO
Dynamic Active Emerging Markets ETF,DXEM,DXEM.TO
Dynamic Active Energy Evolution ETF,DXET,DXET.TO
Dynamic Active Enhanced Yield Covered Options ETF,DXQ,DXQ.TO
Dynamic Active Global Dividend ETF,DXG,DXG.TO
Dynamic Active Global Financial Services ETF,DXF,DXF.TO
Dynamic Active Global Infrastructure ETF,DXN,DXN.TO
Dynamic Active International Dividend ETF,DXW,DXW.TO
Dynamic Active International ETF,DXIF,DXIF.TO
Dynamic Active Investment Grade Floating Rate ETF,DXV,DXV.TO
Dynamic Active Preferred Shares ETF,DXP,DXP.TO
Dynamic Active Retirement Income ETF,DXR,DXR.TO
Dynamic Active Tactical Bond ETF,DXB,DXB.TO
Dynamic Active U.S. Dividend ETF,DXU,DXU.TO
Dynamic Active U.S. Mid-Cap ETF,DXZ,DXZ.TO
E Split Corp.,ENS,ENS.TO
East Side Games Group Inc.,EAGR,EAGR.TO
Eastern Platinum Limited,ELR,ELR.TO
ECN Capital Corp.,ECN,ECN.TO
Economic Investment Trust Limited,EVT,EVT.TO
Ecora Resources plc,ECOR,ECOR.TO
EcoSynthetix Inc.,ECO,ECO.TO
E-L Financial Corporation Limited,ELF,ELF.TO
Eldorado Gold Corporation,ELD,ELD.TO
Electrovaya Inc.,ELVA,ELVA.TO
Element Fleet Management Corp.,EFN,EFN.TO
Eloro Resources Ltd.,ELO,ELO.TO
Else Nutrition Holdings Inc.,BABY,BABY.TO
Emera Incorporated,EMA,EMA.TO
Empire Company Limited,EMP,EMP.TO
Enbridge Inc.,ENB,ENB.TO
Endeavour Mining plc,EDV,EDV.TO
Endeavour Silver Corp.,EDR,EDR.TO
Enerflex Ltd.,EFX,EFX.TO
Energy Fuels Inc.,EFR,EFR.TO
Energy Income Fund,ENI,ENI.TO
Enerplus Corporation,ERF,ERF.TO
Enghouse Systems Limited,ENGH,ENGH.TO
Ensign Energy Services Inc.,ESI,ESI.TO
"Enterprise Group, Inc.",E,E.TO
Enthusiast Gaming Holdings Inc.,EGLX,EGLX.TO
Entree Resources Ltd.,ETG,ETG.TO
EQB Inc.,EQB,EQB.TO
Equinox Gold Corp.,EQX,EQX.TO
Erdene Resource Development Corporation,ERD,ERD.TO
Ero Copper Corp.,ERO,ERO.TO
Essential Energy Services Ltd.,ESN,ESN.TO
Ether ETF,ETHR,ETHR.TO
Eupraxia Pharmaceuticals Inc.,EPRX,EPRX.TO
Euro Sun Mining Inc.,ESM,ESM.TO
Euromax Resources Ltd.,EOX,EOX.TO
European Residential Real Estate Investment Trust,ERE,ERE.TO
Evertz Technologies Limited,ET,ET.TO
Evolve Active Canadian Preferred Share Fund,DIVS,DIVS.TO
Evolve Active Global Fixed Income Fund,EARN,EARN.TO
Evolve Automobile Innovation Index Fund,CARS,CARS.TO
Evolve Canadian Banks and Lifecos Enhanced Yield Index Fund,BANK,BANK.TO
Evolve Cloud Computing Index Fund,DATA,DATA.TO
Evolve Cryptocurrencies ETF,ETC,ETC.TO
Evolve Cyber Security Index Fund,CYBR,CYBR.TO
Evolve E-Gaming Index ETF,HERO,HERO.TO
Evolve European Banks Enhanced Yield ETF,EBNK,EBNK.TO
Evolve FANGMA Index ETF,TECH,TECH.TO
Evolve Future Leadership Fund,LEAD,LEAD.TO
Evolve Global Healthcare Enhanced Yield Fund,LIFE,LIFE.TO
Evolve Global Materials & Mining Enhanced Yield Index ETF,BASE,BASE.TO
Evolve Innovation Index Fund,EDGE,EDGE.TO
Evolve Metaverse ETF,MESH,MESH.TO
Evolve NASDAQ Technology Index Fund,QQQT,QQQT.TO
Evolve S&P 500© Enhanced Yield Fund,ESPX,ESPX.TO
Evolve S&P/TSX 60 Enhanced Yield Fund,ETSX,ETSX.TO
Evolve US Banks Enhanced Yield Fund,CALL,CALL.TO
Excellon Resources Inc.,EXN,EXN.TO
Excelsior Mining Corp.,MIN,MIN.TO
Exchange Income Corporation,EIF,EIF.TO
Exco Technologies Limited,XTC,XTC.TO
Exemplar Growth and Income Fund,EGIF,EGIF.TO
Exro Technologies Inc.,EXRO,EXRO.TO
Extendicare Inc.,EXE,EXE.TO
Fairfax Financial Holdings Limited,FFH,FFH.TO
Fairfax India Holdings Corporation,FIH,FIH.TO
FansUnite Entertainment Inc.,FANS,FANS.TO
Faraday Copper Corp.,FDY,FDY.TO
Farmers Edge Inc.,FDGE,FDGE.TO
Fennec Pharmaceuticals Inc.,FRX,FRX.TO
FG Acquisition Corp.,FGAA,FGAA.TO
Fidelity Advantage Bitcoin ETF,FBTC,FBTC.TO
Fidelity Advantage Ether ETF,FETH,FETH.TO
Fidelity Canadian High Dividend Index ETF,FCCD,FCCD.TO
Fidelity Canadian High Quality Index ETF,FCCQ,FCCQ.TO
Fidelity Canadian Low Volatility Index ETF,FCCL,FCCL.TO
Fidelity Canadian Momentum Index ETF,FCCM,FCCM.TO
Fidelity Canadian Monthly High Income ETF,FCMI,FCMI.TO
Fidelity Canadian Short Term Corporate Bond ETF,FCSB,FCSB.TO
Fidelity Canadian Value Index ETF,FCCV,FCCV.TO
Fidelity Global Core Plus Bond ETF,FCGB,FCGB.TO
Fidelity Global Investment Grade Bond ETF,FCIG,FCIG.TO
Fidelity Global Monthly High Income ETF,FCGI,FCGI.TO
Fidelity International High Dividend Index ETF,FCID,FCID.TO
Fidelity International High Quality Index ETF,FCIQ,FCIQ.TO
Fidelity International Low Volatility Index ETF,FCIL,FCIL.TO
Fidelity International Momentum Index ETF,FCIM,FCIM.TO
Fidelity International Value Index ETF,FCIV,FCIV.TO
Fidelity Systematic Canadian Bond Index ETF,FCCB,FCCB.TO
Fidelity U.S. Dividend for Rising Rates Currency Neutral Index ETF,FCRH,FCRH.TO
Fidelity U.S. Dividend for Rising Rates Index ETF,FCRR,FCRR.TO
Fidelity U.S. High Dividend Currency Neutral Index ETF,FCUH,FCUH.TO
Fidelity U.S. High Dividend Index ETF,FCUD,FCUD.TO
Fidelity U.S. High Quality Currency Neutral Index ETF,FCQH,FCQH.TO
Fidelity U.S. High Quality Index ETF,FCUQ,FCUQ.TO
Fidelity U.S. Low Volatility Currency Neutral Index ETF,FCLH,FCLH.TO
Fidelity U.S. Low Volatility Index ETF,FCUL,FCUL.TO
Fidelity U.S. Momentum Currency Neutral Index ETF,FCMH,FCMH.TO
Fidelity U.S. Momentum Index ETF,FCMO,FCMO.TO
Fidelity U.S. Value Currency Neutral Index ETF,FCVH,FCVH.TO
Fidelity U.S. Value Index ETF,FCUV,FCUV.TO
Fiera Capital Corporation,FSZ,FSZ.TO
Filo Corp.,FIL,FIL.TO
Financial 15 Split Corp.,FTN,FTN.TO
Finning International Inc.,FTT,FTT.TO
Firan Technology Group Corporation,FTG,FTG.TO
Firm Capital Mortgage Investment Corporation,FC,FC.TO
Firm Capital Property Trust,FCD,FCD.TO
First Capital Real Estate Investment Trust,FCR,FCR.TO
First Majestic Silver Corp.,FR,FR.TO
First Mining Gold Corp.,FF,FF.TO
First National Financial Corporation,FN,FN.TO
First Quantum Minerals Ltd.,FM,FM.TO
First Trust AlphaDEX U.S. Health Care Sector Index ETF,FHH,FHH.TO
First Trust AlphaDEX U.S. Industrials Sector Index ETF,FHG,FHG.TO
First Trust AlphaDEX U.S. Technology Sector Index ETF,FHQ,FHQ.TO
First Trust Canadian Capital Strength ETF,FST,FST.TO
First Trust Cboe Vest U.S. Equity Buffer ETF - August,AUGB,AUGB.TO
First Trust Cboe Vest U.S. Equity Buffer ETF - February,FEBB,FEBB.TO
First Trust Cboe Vest U.S. Equity Buffer ETF - May,MAYB,MAYB.TO
First Trust Cboe Vest U.S. Equity Buffer ETF - November,NOVB,NOVB.TO
First Trust Cloud Computing ETF,SKYY,SKYY.TO
First Trust Dow Jones Internet ETF,FDN,FDN.TO
First Trust Global Risk Managed Income Index ETF,ETP,ETP.TO
First Trust Indxx Innovative Transaction and Process ETF,BLCK,BLCK.TO
First Trust Indxx NextG ETF,NXTG,NXTG.TO
First Trust International Capital Strength ETF,FINT,FINT.TO
First Trust Morningstar Dividend Leaders ETF (CAD-Hedged),FDL,FDL.TO
First Trust Nasdaq Clean Edge Green Energy ETF,QCLN,QCLN.TO
First Trust Nasdaq Cybersecurity ETF,CIBR,CIBR.TO
First Trust NYSE Arca Biotechnology ETF,FBT,FBT.TO
First Trust Senior Loan ETF (CAD-Hedged),FSL,FSL.TO
First Trust Value Line Dividend ETF (CAD-Hedged),FUD,FUD.TO
FirstService Corporation,FSV,FSV.TO
Fission Uranium Corp.,FCU,FCU.TO
Flagship Communities Real Estate Investment Trust,MHC,MHC.TO
FLINT Corp.,FLNT,FLNT.TO
Flow Beverage Corp.,FLOW,FLOW.TO
Foraco International SA,FAR,FAR.TO
Foran Mining Corporation,FOM,FOM.TO
Forstrong Emerging Markets Equity ETF,FEME,FEME.TO
Forstrong Global Ex-North America Equity ETF,FINE,FINE.TO
Forstrong Global Growth ETF,FGRW,FGRW.TO
Forstrong Global Income ETF,FINC,FINC.TO
Forsys Metals Corp.,FSY,FSY.TO
Fortis Inc.,FTS,FTS.TO
Fortuna Silver Mines Inc.,FVI,FVI.TO
Fortune Minerals Limited,FT,FT.TO
Forza Petroleum Limited,FORZ,FORZ.TO
Franco-Nevada Corporation,FNV,FNV.TO
Franklin Bissett Core Plus Bond Fund ETF,FLCP,FLCP.TO
Franklin Bissett Corporate Bond Fund ETF,FLCI,FLCI.TO
Franklin Bissett Short Duration Bond Fund ETF,FLSD,FLSD.TO
Franklin Bissett Ultra Short Bond Fund,FHIS,FHIS.TO
Franklin Brandywine Global Sustainable Income Optimiser Fund ETF,FBGO,FBGO.TO
Franklin ClearBridge Sustainable Global Infrastructure Income Fund ETF,FCII,FCII.TO
Franklin ClearBridge Sustainable International Growth Fund ETF,FCSI,FCSI.TO
Franklin Core Balanced Active ETF,FLBA,FLBA.TO
Franklin Global Core Bond Fund,FLGA,FLGA.TO
Franklin Global Dividend Quality Index ETF,FLGD,FLGD.TO
Franklin Global Growth Fund ETF,FGGE,FGGE.TO
Franklin Innovation Fund ETF,FINO,FINO.TO
Franklin International Multifactor Index ETF,FLDM,FLDM.TO
Franklin Risk Managed Canadian Equity Active ETF,FLRM,FLRM.TO
Franklin U.S. Large Cap Multifactor Index ETF,FLUS,FLUS.TO
Franklin Western Asset Core Plus Bond Fund ETF,FWCP,FWCP.TO
Freegold Ventures Limited,FVL,FVL.TO
Freehold Royalties Ltd.,FRU,FRU.TO
Frontera Energy Corporation,FEC,FEC.TO
Fury Gold Mines Limited,FURY,FURY.TO
Galaxy Digital Holdings Ltd.,GLXY,GLXY.TO
Galiano Gold Inc.,GAU,GAU.TO
Gamehost Inc.,GH,GH.TO
Gamelancer Media Corp.,GMNG,GMNG.TO
"Gatos Silver, Inc.",GATO,GATO.TO
GDI Integrated Facility Services Inc.,GDI,GDI.TO
Gear Energy Ltd.,GXE,GXE.TO
Generation Mining Limited,GENM,GENM.TO
Genesis Land Development Corp.,GDC,GDC.TO
Geodrill Limited,GEO,GEO.TO
George Weston Limited,WN,WN.TO
GFL Environmental Inc.,GFL,GFL.TO
Gibson Energy Inc.,GEI,GEI.TO
Gildan Activewear Inc.,GIL,GIL.TO
Givex Corp.,GIVX,GIVX.TO
Glacier Media Inc.,GVC,GVC.TO
GLG Life Tech Corporation,GLG,GLG.TO
Global Atomic Corporation,GLO,GLO.TO
Global Dividend Growth Split Corp.,GDV,GDV.TO
Global Education Communities Corp.,GEC,GEC.TO
Globex Mining Enterprises Inc.,GMX,GMX.TO
goeasy Ltd.,GSY,GSY.TO
GoGold Resources Inc.,GGD,GGD.TO
Gold Mountain Mining Corp.,GMTN,GMTN.TO
Gold Springs Resource Corp.,GRC,GRC.TO
Golden Minerals Company,AUMN,AUMN.TO
Goldgroup Mining Inc.,GGA,GGA.TO
GoldMining Inc.,GOLD,GOLD.TO
GoldMoney Inc.,XAU,XAU.TO
Goodfellow Inc.,GDL,GDL.TO
Goodfood Market Corp.,FOOD,FOOD.TO
Gran Tierra Energy Inc.,GTE,GTE.TO
Granite Real Estate Investment Trust,GRT,GRT.TO
Great-West Lifeco Inc.,GWO,GWO.TO
GreenFirst Forest Products Inc.,GFP,GFP.TO
Greenlane Renewables Inc.,GRN,GRN.TO
Guardian Canadian Bond ETF,GCBD,GCBD.TO
Guardian Canadian Sector Controlled Equity Fund,GCSC,GCSC.TO
Guardian Capital Group Limited,GCG,GCG.TO
Guardian Directed Equity Path ETF,GDEP,GDEP.TO
Guardian Directed Premium Yield ETF,GDPY,GDPY.TO
Guardian Fundamental All Country Equity ETF,GGAC,GGAC.TO
Guardian Fundamental Emerging Markets Equity ETF,GGEM,GGEM.TO
Guardian i3 Global Quality Growth ETF,GIQG,GIQG.TO
Guardian i3 Global REIT ETF,GIGR,GIGR.TO
Guardian i3 US Quality Growth ETF,GIQU,GIQU.TO
Guardian Ultra-Short Canadian T-Bill Fund,GCTB,GCTB.TO
Guardian Ultra-Short U.S. T-Bill Fund,GUTB,GUTB.TO
GuardPath Managed Decumulation 2042 Fund ETF,GPMD,GPMD.TO
GURU Organic Energy Corp.,GURU,GURU.TO
H&R Real Estate Investment Trust,HR,HR.TO
H2O Innovation Inc.,HEO,HEO.TO
Haivision Systems Inc.,HAI,HAI.TO
Hamilton Australian Bank Equal-Weight Index ETF,HBA,HBA.TO
Hamilton Canadian Bank Equal-Weight Index ETF,HEB,HEB.TO
Hamilton Canadian Bank Mean Reversion Index ETF,HCA,HCA.TO
Hamilton Canadian Financials Yield Maximizer ETF,HMAX,HMAX.TO
Hamilton Enhanced Canadian Bank ETF,HCAL,HCAL.TO
Hamilton Enhanced Canadian Financials ETF,HFIN,HFIN.TO
Hamilton Enhanced Multi-Sector Covered Call ETF,HDIV,HDIV.TO
Hamilton Enhanced U.S. Covered Call ETF,HYLD,HYLD.TO
Hamilton Enhanced Utilities ETF,HUTS,HUTS.TO
Hamilton Financials Innovation ETF,HFT,HFT.TO
Hamilton Global Financials ETF,HFG,HFG.TO
Hamilton U.S. Mid/Small-Cap Financials ETF,HUM,HUM.TO
Hamilton Utilities Yield Maximizer ETF,UMAX,UMAX.TO
Hammerhead Energy Inc.,HHRS,HHRS.TO
Hammond Manufacturing Company Limited,HMM,HMM.TO
Hammond Power Solutions Inc.,HPS,HPS.TO
Harvest Brand Leaders Enhanced Income ETF,HBFE,HBFE.TO
Harvest Brand Leaders Plus Income ETF,HBF,HBF.TO
Harvest Canadian Equity Enhanced Income Leaders ETF,HLFE,HLFE.TO
Harvest Canadian Equity Income Leaders ETF,HLIF,HLIF.TO
Harvest Clean Energy ETF,HCLN,HCLN.TO
Harvest Diversified Equity Income ETF,HRIF,HRIF.TO
Harvest Diversified Monthly Income ETF,HDIF,HDIF.TO
Harvest Energy Leaders Plus Income ETF,HPF,HPF.TO
Harvest Equal Weight Global Utilities Enhanced Income ETF,HUTE,HUTE.TO
Harvest Equal Weight Global Utilities Income ETF,HUTL,HUTL.TO
Harvest Global Gold Giants Index ETF,HGGG,HGGG.TO
Harvest Global REIT Leaders Income ETF,HGR,HGR.TO
Harvest Healthcare Leaders Enhanced Income ETF,HHLE,HHLE.TO
Harvest Healthcare Leaders Income ETF,HHL,HHL.TO
Harvest Tech Achievers Enhanced Income ETF,HTAE,HTAE.TO
Harvest Tech Achievers Growth & Income ETF,HTA,HTA.TO
Harvest Travel & Leisure Income ETF,TRVI,TRVI.TO
Harvest Travel & Leisure Index ETF,TRVL,TRVL.TO
Harvest US Bank Leaders Income ETF,HUBL,HUBL.TO
Headwater Exploration Inc.,HWX,HWX.TO
Healthcare Special Opportunities Fund,MDS,MDS.TO
Helios Fairfax Partners Corporation,HFPC,HFPC.TO
Helix BioPharma Corp.,HBP,HBP.TO
Heroux-Devtek Inc.,HRX,HRX.TO
High Arctic Energy Services Inc.,HWO,HWO.TO
High Liner Foods Incorporated,HLF,HLF.TO
HLS Therapeutics Inc.,HLS,HLS.TO
Home Capital Group Inc.,HCG,HCG.TO
Horizons 0-3 Month T-Bill ETF,CBIL,CBIL.TO
Horizons 0-3 Month U.S. T-Bill ETF,UBIL,UBIL.TO
Horizons Absolute Return Global Currency ETF,HARC,HARC.TO
Horizons Active Cdn Bond ETF,HAD,HAD.TO
Horizons Active Cdn Dividend ETF,HAL,HAL.TO
Horizons Active Cdn Municipal Bond ETF,HMP,HMP.TO
Horizons Active Corporate Bond ETF,HAB,HAB.TO
Horizons Active ESG Corporate Bond ETF,HAEB,HAEB.TO
Horizons Active Floating Rate Senior Loan ETF,HSL,HSL.TO
Horizons Active Global Dividend ETF,HAZ,HAZ.TO
Horizons Active Global Fixed Income ETF,HAF,HAF.TO
Horizons Active High Yield Bond ETF,HYI,HYI.TO
Horizons Active Hybrid Bond and Preferred Share ETF,HYBR,HYBR.TO
Horizons Active Preferred Share ETF,HPR,HPR.TO
Horizons Active Ultra-Short Term Investment Grade Bond ETF,HFR,HFR.TO
Horizons Active Ultra-Short Term US Investment Grade Bond ETF,HUF,HUF.TO
Horizons All-Equity Asset Allocation ETF,HEQT,HEQT.TO
Horizons Balanced Asset Allocation ETF,HBAL,HBAL.TO
Horizons Big Data & Hardware Index ETF,HBGD,HBGD.TO
Horizons Canadian Large Cap Equity Covered Call ETF,CNCC,CNCC.TO
Horizons Canadian Oil and Gas Equity Covered Call ETF,ENCC,ENCC.TO
Horizons Canadian Utility Services High Dividend Index ETF,UTIL,UTIL.TO
Horizons Carbon Credits ETF,CARB,CARB.TO
Horizons Cash Maximizer ETF,HSAV,HSAV.TO
Horizons Cdn High Dividend Index ETF,HXH,HXH.TO
Horizons Cdn Select Universe Bond ETF,HBB,HBB.TO
Horizons Conservative Asset Allocation ETF,HCON,HCON.TO
Horizons Copper Producers Index ETF,COPP,COPP.TO
Horizons Crude Oil ETF,HUC,HUC.TO
Horizons Emerging Markets Equity Index ETF,HXEM,HXEM.TO
Horizons Enhanced Canadian Large Cap Equity Covered Call ETF,CNCL,CNCL.TO
Horizons Enhanced Equal Weight Banks Index ETF,BNKL,BNKL.TO
Horizons Enhanced Equal Weight Canadian Banks Covered Call ETF,BKCL,BKCL.TO
Horizons Enhanced S&P/TSX 60 Index ETF,CANL,CANL.TO
Horizons Enhanced US Large Cap Equity Covered Call ETF,USCL,USCL.TO
Horizons Equal Weight Banks Index ETF,HBNK,HBNK.TO
Horizons Equal Weight Canada Banks Index ETF,HEWB,HEWB.TO
Horizons Equal Weight Canada REIT Index ETF,HCRE,HCRE.TO
Horizons Equal Weight Canadian Bank Covered Call ETF,BKCC,BKCC.TO
Horizons Europe 50 Index ETF,HXX,HXX.TO
Horizons Global BBIG Technology ETF,BBIG,BBIG.TO
Horizons Global Hydrogen Index ETF,HYDR,HYDR.TO
Horizons Global Lithium Producers Index ETF,HLIT,HLIT.TO
Horizons Global Metaverse Index ETF,MTAV,MTAV.TO
Horizons Global Semiconductor Index ETF,CHPS,CHPS.TO
Horizons Global Sustainability Leaders Index ETF,ETHI,ETHI.TO
Horizons Global Uranium Index ETF,HURA,HURA.TO
Horizons Gold ETF,HUG,HUG.TO
Horizons Gold Producer Equity Covered Call ETF,GLCC,GLCC.TO
Horizons Gold Yield ETF,HGY,HGY.TO
Horizons GX Cybersecurity Index ETF,HBUG,HBUG.TO
Horizons High Interest Savings ETF,CASH,CASH.TO
Horizons Industry 4.0 Index ETF,FOUR,FOUR.TO
Horizons Inovestor Canadian Equity Index ETF,INOC,INOC.TO
Horizons Intl Developed Markets Equity Index ETF,HXDM,HXDM.TO
Horizons Laddered Canadian Preferred Share Index ETF,HLPR,HLPR.TO
Horizons Marijuana Life Sciences Index ETF,HMMJ,HMMJ.TO
Horizons NASDAQ-100 Covered Call ETF,QQCC,QQCC.TO
Horizons NASDAQ-100 Index ETF,HXQ,HXQ.TO
Horizons Natural Gas ETF,HUN,HUN.TO
Horizons Pipelines & Energy Services Index ETF,HOG,HOG.TO
Horizons ReSolve Adaptive Asset Allocation ETF,HRAA,HRAA.TO
Horizons Robotics and Automation Index ETF,RBOT,RBOT.TO
Horizons S&P 500 CAD Hedged Index ETF,HSH,HSH.TO
Horizons S&P 500 Index ETF,HXS,HXS.TO
Horizons S&P Green Bond Index ETF,HGGB,HGGB.TO
Horizons S&P/TSX 60 Index ETF,HXT,HXT.TO
Horizons S&P/TSX Capped Composite Index ETF,HXCN,HXCN.TO
Horizons S&P/TSX Capped Energy Index ETF,HXE,HXE.TO
Horizons S&P/TSX Capped Financials Index ETF,HXF,HXF.TO
Horizons Seasonal Rotation ETF,HAC,HAC.TO
Horizons Silver ETF,HUZ,HUZ.TO
Horizons Tactical Absolute Return Bond ETF,HARB,HARB.TO
Horizons US 7-10 Year Treasury Bond ETF,HTB,HTB.TO
Horizons US Dollar Currency ETF,DLR,DLR.TO
Horizons US Large Cap Equity Covered Call ETF,USCC,USCC.TO
Horizons US Large Cap Index ETF,HULC,HULC.TO
Horizons USD Cash Maximizer ETF,HSUV,HSUV.TO
Horizonte Minerals Plc,HZM,HZM.TO
HudBay Minerals Inc.,HBM,HBM.TO
Hut 8 Mining Corp.,HUT,HUT.TO
Hydro One Limited,H,H.TO
i3 Energy plc,ITE,ITE.TO
i-80 Gold Corp.,IAU,IAU.TO
IA Clarington Core Plus Bond Fund,ICPB,ICPB.TO
IA Clarington Floating Rate Income Fund,IFRF,IFRF.TO
IA Clarington Loomis Global Allocation Fund ETF,IGAF,IGAF.TO
IA Clarington Loomis Global Multisector Bond Fund,ILGB,ILGB.TO
IA Clarington Strategic Income Fund,ISIF,ISIF.TO
iA Financial Corporation,IAG,IAG.TO
IAMGold Corporation,IMG,IMG.TO
IBI Group Inc.,IBG,IBG.TO
iFabric Corp.,IFA,IFA.TO
IGM Financial Inc.,IGM,IGM.TO
illumin Holdings Inc.,ILLM,ILLM.TO
Imperial Metals Corporation,III,III.TO
Imperial Oil Limited,IMO,IMO.TO
Income Financial Trust,INC,INC.TO
Indigo Books & Music Inc.,IDG,IDG.TO
Industrial Alliance Insurance and Financial Services Inc.,IAF,IAF.TO
Information Services Corporation,ISV,ISV.TO
Innergex Renewable Energy Inc.,INE,INE.TO
Inovalis Real Estate Investment Trust,INO,INO.TO
InPlay Oil Corp.,IPO,IPO.TO
Intact Financial Corporation,IFC,IFC.TO
IntelGenx Technologies Corp.,IGX,IGX.TO
IntelliPharmaCeutics International Inc.,IPCI,IPCI.TO
Interfor Corporation,IFP,IFP.TO
Intermap Technologies Corporation,IMP,IMP.TO
International Clean Power Dividend Fund,CLP,CLP.TO
International Petroleum Corporation,IPCO,IPCO.TO
International Tower Hill Mines Ltd.,ITH,ITH.TO
InterRent Real Estate Investment Trust,IIP,IIP.TO
Invesco 1-3 Year Laddered Floating Rate Note Index ETF,PFL,PFL.TO
Invesco 1-5 Year Laddered Investment Grade Corporate Bond Index ETF,PSB,PSB.TO
Invesco Canadian Dividend Index ETF,PDC,PDC.TO
Invesco ESG Canadian Core Plus Bond ETF,BESG,BESG.TO
Invesco ESG Global Bond ETF,IWBE,IWBE.TO
Invesco ESG NASDAQ 100 Index ETF,QQCE,QQCE.TO
Invesco ESG NASDAQ Next Gen 100 Index ETF,QQJE,QQJE.TO
Invesco FTSE RAFI Canadian Index ETF,PXC,PXC.TO
Invesco FTSE RAFI Global Small-Mid ETF,PZW,PZW.TO
Invesco FTSE RAFI U.S. Index ETF,PXU,PXU.TO
Invesco FTSE RAFI U.S. Index ETF II,PXS,PXS.TO
Invesco Fundamental High Yield Corporate Bond Index ETF,PFH,PFH.TO
Invesco International Developed Dynamic-Multifactor Index ETF,IIMF,IIMF.TO
Invesco Low Volatility Portfolio ETF,PLV,PLV.TO
Invesco Morningstar Global Energy Transition Index ETF,IGET,IGET.TO
Invesco NASDAQ 100 Equal Weight Index ETF,QQEQ,QQEQ.TO
Invesco NASDAQ 100 Index ETF,QQC,QQC.TO
Invesco NASDAQ Next Gen 100 Index ETF,QQJR,QQJR.TO
Invesco Russell 1000 Dynamic-Multifactor Index ETF,IUMF,IUMF.TO
Invesco S&P 500 Equal Weight Index ETF,EQL,EQL.TO
Invesco S&P 500 ESG Index ETF,ESG,ESG.TO
Invesco S&P 500 ESG Tilt Index ETF,ISTE,ISTE.TO
Invesco S&P 500 Low Volatility Index ETF,ULV,ULV.TO
Invesco S&P International Developed Dividend Aristocrats ESG Index ETF,IIAE,IIAE.TO
Invesco S&P International Developed ESG Index ETF,IICE,IICE.TO
Invesco S&P International Developed ESG Tilt Index ETF,IITE,IITE.TO
Invesco S&P US Dividend Aristocrats ESG Index ETF,IUAE,IUAE.TO
Invesco S&P US Total Market ESG Index ETF,IUCE,IUCE.TO
Invesco S&P US Total Market ESG Tilt Index ETF,IUTE,IUTE.TO
Invesco S&P/TSX 60 ESG Tilt Index ETF,IXTE,IXTE.TO
Invesco S&P/TSX Canadian Dividend Aristocrats ESG Index ETF,ICAE,ICAE.TO
Invesco S&P/TSX Composite ESG Index ETF,ESGC,ESGC.TO
Invesco S&P/TSX Composite ESG Tilt Index ETF,ICTE,ICTE.TO
Invesco S&P/TSX Composite Low Volatility Index ETF,TLV,TLV.TO
Invesque Inc.,IVQ,IVQ.TO
iShares 0-5 Year TIPS Bond Index ETF,XSTP,XSTP.TO
iShares 0-5 Year TIPS Bond Index ETF (CAD-Hedged),XSTH,XSTH.TO
iShares 1-10 Year Laddered Corporate Bond Index ETF,CBH,CBH.TO
iShares 1-10 Year Laddered Government Bond Index ETF,CLG,CLG.TO
iShares 1-5 Year Laddered Corporate Bond Index ETF,CBO,CBO.TO
iShares 1-5 Year Laddered Government Bond Index ETF,CLF,CLF.TO
iShares 1-5 Year U.S. IG Corporate Bond Index ETF,XSHU,XSHU.TO
iShares 1-5 Year U.S. IG Corporate Bond Index ETF (CAD-Hedged),XIGS,XIGS.TO
iShares 20+ Year U.S. Treasury Bond Index ETF,XTLT,XTLT.TO
iShares 20+ Year U.S. Treasury Bond Index ETF (CAD-Hedged),XTLH,XTLH.TO
iShares Canadian Financial Monthly Income ETF,FIE,FIE.TO
iShares Canadian Growth Index ETF,XCG,XCG.TO
iShares Canadian HYBrid Corporate Bond Index ETF,XHB,XHB.TO
iShares Canadian Real Return Bond Index ETF,XRB,XRB.TO
iShares Canadian Select Dividend Index ETF,XDV,XDV.TO
iShares Canadian Value Index ETF,XCV,XCV.TO
iShares China Index ETF,XCH,XCH.TO
iShares Conservative Short Term Strategic Fixed Income ETF,XSC,XSC.TO
iShares Conservative Strategic Fixed Income ETF,XSE,XSE.TO
iShares Convertible Bond Index ETF,CVD,CVD.TO
iShares Core Balanced ETF Portfolio,XBAL,XBAL.TO
iShares Core Canadian 15+ Year Federal Bond Index ETF,XFLB,XFLB.TO
iShares Core Canadian Corporate Bond Index ETF,XCB,XCB.TO
iShares Core Canadian Government Bond Index ETF,XGB,XGB.TO
iShares Core Canadian Long Term Bond Index ETF,XLB,XLB.TO
iShares Core Canadian Short Term Bond Index ETF,XSB,XSB.TO
iShares Core Canadian Short Term Corporate Bond Index ETF,XSH,XSH.TO
iShares Core Canadian Universe Bond Index ETF,XBB,XBB.TO
iShares Core Conservative Balanced ETF,XCNS,XCNS.TO
iShares Core Equity ETF,XEQT,XEQT.TO
iShares Core Growth ETF Portfolio,XGRO,XGRO.TO
iShares Core Income Balanced ETF,XINC,XINC.TO
iShares Core MSCI All Country World ex Canada Index ETF,XAW,XAW.TO
iShares Core MSCI Canadian Quality Dividend Index ETF,XDIV,XDIV.TO
iShares Core MSCI EAFE IMI Index ETF,XEF,XEF.TO
iShares Core MSCI EAFE IMI Index ETF (CAD-Hedged),XFH,XFH.TO
iShares Core MSCI Emerging Markets IMI Index ETF,XEC,XEC.TO
iShares Core MSCI Global Quality Dividend Index ETF,XDG,XDG.TO
iShares Core MSCI Global Quality Dividend Index ETF (CAD-Hedged),XDGH,XDGH.TO
iShares Core MSCI US Quality Dividend Index ETF,XDU,XDU.TO
iShares Core MSCI US Quality Dividend Index ETF (CAD-Hedged),XDUH,XDUH.TO
iShares Core S&P 500 Index ETF,XUS,XUS.TO
iShares Core S&P 500 Index ETF (CAD-Hedged),XSP,XSP.TO
iShares Core S&P U.S. Total Market Index ETF,XUU,XUU.TO
iShares Core S&P U.S. Total Market Index ETF (CAD-Hedged),XUH,XUH.TO
iShares Core S&P/TSX Capped Composite Index ETF,XIC,XIC.TO
iShares Cybersecurity and Tech Index ETF,XHAK,XHAK.TO
iShares Diversified Monthly Income ETF,XTR,XTR.TO
iShares Equal Weight Banc & Lifeco ETF,CEW,CEW.TO
iShares ESG Advanced 1-5 Year Canadian Corporate Bond Index ETF,XSHG,XSHG.TO
iShares ESG Advanced Canadian Corporate Bond Index ETF,XCBG,XCBG.TO
iShares ESG Advanced MSCI Canada Index ETF,XCSR,XCSR.TO
iShares ESG Advanced MSCI EAFE Index ETF,XDSR,XDSR.TO
iShares ESG Advanced MSCI USA Index ETF,XUSR,XUSR.TO
iShares ESG Aware Canadian Aggregate Bond Index ETF,XSAB,XSAB.TO
iShares ESG Aware Canadian Short Term Bond Index ETF,XSTB,XSTB.TO
iShares ESG Aware MSCI Canada Index ETF,XESG,XESG.TO
iShares ESG Aware MSCI EAFE Index ETF,XSEA,XSEA.TO
iShares ESG Aware MSCI Emerging Markets Index ETF,XSEM,XSEM.TO
iShares ESG Aware MSCI USA Index ETF,XSUS,XSUS.TO
iShares ESG Balanced ETF,GBAL,GBAL.TO
iShares ESG Conservative Balanced ETF,GCNS,GCNS.TO
iShares ESG Equity ETF,GEQT,GEQT.TO
iShares ESG Growth ETF,GGRO,GGRO.TO
iShares ESG MSCI Canada Leaders Index ETF,XCLR,XCLR.TO
iShares ESG MSCI EAFE Leaders Index ETF,XDLR,XDLR.TO
iShares ESG MSCI USA Leaders Index ETF,XULR,XULR.TO
iShares Exponential Technologies Index ETF,XEXP,XEXP.TO
iShares Floating Rate Index ETF,XFR,XFR.TO
iShares Genomics Immunology and Healthcare Index ETF,XDNA,XDNA.TO
iShares Global Agriculture Index ETF,COW,COW.TO
iShares Global Clean Energy Index ETF,XCLN,XCLN.TO
iShares Global Electric and Autonomous Vehicles Index ETF,XDRV,XDRV.TO
iShares Global Healthcare Index ETF (CAD-Hedged),XHC,XHC.TO
iShares Global Infrastructure Index ETF,CIF,CIF.TO
iShares Global Monthly Dividend Index ETF (CAD-Hedged),CYH,CYH.TO
iShares Global Real Estate Index ETF,CGR,CGR.TO
iShares Global Water Index ETF,CWW,CWW.TO
iShares Gold Bullion ETF,CGL,CGL.TO
iShares High Quality Canadian Bond Index ETF,XQB,XQB.TO
iShares India Index ETF,XID,XID.TO
iShares J.P. Morgan USD Emerging Markets Bond Index ETF (CAD-Hedged),XEB,XEB.TO
iShares Jantzi Social Index ETF,XEN,XEN.TO
iShares MSCI EAFE Index ETF (CAD-Hedged),XIN,XIN.TO
iShares MSCI Emerging Markets ex China Index ETF,XEMC,XEMC.TO
iShares MSCI Emerging Markets Index ETF,XEM,XEM.TO
iShares MSCI Europe IMI Index ETF,XEU,XEU.TO
iShares MSCI Europe IMI Index ETF (CAD-Hedged),XEH,XEH.TO
iShares MSCI Min Vol Canada Index ETF,XMV,XMV.TO
iShares MSCI Min Vol EAFE Index ETF,XMI,XMI.TO
iShares MSCI Min Vol EAFE Index ETF (CAD-Hedged),XML,XML.TO
iShares MSCI Min Vol Emerging Markets Index ETF,XMM,XMM.TO
iShares MSCI Min Vol Global Index ETF,XMW,XMW.TO
iShares MSCI Min Vol Global Index ETF (CAD-Hedged),XMY,XMY.TO
iShares MSCI Min Vol USA Index ETF,XMU,XMU.TO
iShares MSCI Min Vol USA Index ETF (CAD-Hedged),XMS,XMS.TO
iShares MSCI Multifactor Canada Index ETF,XFC,XFC.TO
iShares MSCI Multifactor EAFE Index ETF,XFI,XFI.TO
iShares MSCI Multifactor EAFE Index ETF (CAD-Hedged),XFF,XFF.TO
iShares MSCI Multifactor USA Index ETF,XFS,XFS.TO
iShares MSCI Multifactor USA Index ETF (CAD-Hedged),XFA,XFA.TO
iShares MSCI USA Momentum Factor Index ETF,XMTM,XMTM.TO
iShares MSCI USA Quality Factor Index ETF,XQLT,XQLT.TO
iShares MSCI USA Value Factor Index ETF,XVLU,XVLU.TO
iShares MSCI World Index ETF,XWD,XWD.TO
iShares NASDAQ 100 Index ETF (CAD-Hedged),XQQ,XQQ.TO
iShares Premium Money Market ETF,CMR,CMR.TO
iShares S&P Global Consumer Discretionary Index ETF (CAD-Hedged),XCD,XCD.TO
iShares S&P Global Industrials Index ETF (CAD-Hedged),XGI,XGI.TO
iShares S&P U.S. Mid-Cap Index ETF,XMC,XMC.TO
iShares S&P U.S. Mid-Cap Index ETF (CAD-Hedged),XMH,XMH.TO
iShares S&P U.S. Small-Cap Index ETF,XSMC,XSMC.TO
iShares S&P U.S. Small-Cap Index ETF (CAD-Hedged),XSMH,XSMH.TO
iShares S&P/TSX 60 Index ETF,XIU,XIU.TO
iShares S&P/TSX Canadian Dividend Aristocrats Index ETF,CDZ,CDZ.TO
iShares S&P/TSX Canadian Preferred Share Index ETF,CPD,CPD.TO
iShares S&P/TSX Capped Consumer Staples Index ETF,XST,XST.TO
iShares S&P/TSX Capped Energy Index ETF,XEG,XEG.TO
iShares S&P/TSX Capped Financials Index ETF,XFN,XFN.TO
iShares S&P/TSX Capped Information Technology Index ETF,XIT,XIT.TO
iShares S&P/TSX Capped Materials Index ETF,XMA,XMA.TO
iShares S&P/TSX Capped REIT Index ETF,XRE,XRE.TO
iShares S&P/TSX Capped Utilities Index ETF,XUT,XUT.TO
iShares S&P/TSX Completion Index ETF,XMD,XMD.TO
iShares S&P/TSX Composite High Dividend Index ETF,XEI,XEI.TO
iShares S&P/TSX Global Base Metals Index ETF,XBM,XBM.TO
iShares S&P/TSX Global Gold Index ETF,XGD,XGD.TO
iShares S&P/TSX North American Preferred Stock Index ETF (CAD-Hedged),XPF,XPF.TO
iShares S&P/TSX SmallCap Index ETF,XCS,XCS.TO
iShares Short Term Strategic Fixed Income ETF,XSI,XSI.TO
iShares Silver Bullion ETF,SVR,SVR.TO
iShares U.S. Aggregate Bond Index ETF,XAGG,XAGG.TO
iShares U.S. Aggregate Bond Index ETF (CAD-Hedged),XAGH,XAGH.TO
iShares U.S. High Dividend Equity Index ETF,XHU,XHU.TO
iShares U.S. High Dividend Equity Index ETF (CAD-Hedged),XHD,XHD.TO
iShares U.S. High Yield Bond Index ETF (CAD-Hedged),XHY,XHY.TO
iShares U.S. IG Corporate Bond Index ETF,XCBU,XCBU.TO
iShares U.S. IG Corporate Bond Index ETF (CAD-Hedged),XIG,XIG.TO
iShares U.S. Small Cap Index ETF (CAD-Hedged),XSU,XSU.TO
iShares US Dividend Growers Index ETF (CAD-Hedged),CUD,CUD.TO
Ivanhoe Electric Inc.,IE,IE.TO
Ivanhoe Mines Ltd.,IVN,IVN.TO
Jaguar Mining Inc.,JAG,JAG.TO
Jamieson Wellness Inc.,JWEL,JWEL.TO
JFT Strategies Fund,JFS,JFS.TO
Journey Energy Inc.,JOY,JOY.TO
K92 Mining Inc.,KNT,KNT.TO
Karnalyte Resources Inc.,KRN,KRN.TO
Karora Resources Inc.,KRR,KRR.TO
K-Bro Linen Inc.,KBL,KBL.TO
Keg Royalties Income Fund (The),KEG,KEG.TO
Kelso Technologies Inc.,KLS,KLS.TO
Kelt Exploration Ltd.,KEL,KEL.TO
Keyera Corp.,KEY,KEY.TO
Killam Apartment Real Estate Investment Trust,KMP,KMP.TO
Kinaxis Inc.,KXS,KXS.TO
Kinross Gold Corporation,K,K.TO
Kits Eyecare Ltd.,KITS,KITS.TO
Kiwetinohk Energy Corp.,KEC,KEC.TO
"kneat.com, inc.",KSI,KSI.TO
Knight Therapeutics Inc.,GUD,GUD.TO
Kolibri Global Energy Inc.,KEI,KEI.TO
KP Tissue Inc.,KPT,KPT.TO
Labrador Iron Ore Royalty Corporation,LIF,LIF.TO
Laramide Resources Ltd.,LAM,LAM.TO
Largo Inc.,LGO,LGO.TO
Lassonde Industries Inc.,LAS,LAS.TO
Laurentian Bank Of Canada,LB,LB.TO
Leon's Furniture Limited,LNF,LNF.TO
Liberty Gold Corp.,LGD,LGD.TO
Life & Banc Split Corp.,LBS,LBS.TO
LifeSpeak Inc.,LSPK,LSPK.TO
Lightspeed Commerce Inc.,LSPD,LSPD.TO
Linamar Corporation,LNR,LNR.TO
Lion Electric Company (The),LEV,LEV.TO
Lithium Americas Corp.,LAC,LAC.TO
Lithium Royalty Corp.,LIRC,LIRC.TO
Loblaw Companies Limited,L,L.TO
Logistec Corporation,LGT,LGT.TO
Loncor Gold Inc.,LN,LN.TO
Loop Energy Inc.,LPEN,LPEN.TO
Lucara Diamond Corp.,LUC,LUC.TO
Lundin Gold Inc.,LUG,LUG.TO
Lundin Mining Corporation,LUN,LUN.TO
"LXRandCo, Inc.",LXR,LXR.TO
Lysander-Canso Corporate Treasury ActivETF,LYCT,LYCT.TO
Lysander-Canso Floating Rate ActivETF,LYFR,LYFR.TO
Lysander-Slater Preferred Share ActivETF,PR,PR.TO
M Split Corp.,XMF,XMF.TO
Mackenzie Balanced Allocation ETF,MBAL,MBAL.TO
Mackenzie Canadian Aggregate Bond Index ETF,QBB,QBB.TO
Mackenzie Canadian Equity Index ETF,QCN,QCN.TO
Mackenzie Canadian Large Cap Equity Index ETF,QCE,QCE.TO
Mackenzie Canadian Short Term Fixed Income ETF,MCSB,MCSB.TO
Mackenzie Canadian Short-Term Bond Index ETF,QSB,QSB.TO
Mackenzie Conservative Allocation ETF,MCON,MCON.TO
Mackenzie Core Plus Canadian Fixed Income ETF,MKB,MKB.TO
Mackenzie Core Plus Global Fixed Income ETF,MGB,MGB.TO
Mackenzie Developed ex-North America Aggregate Bond Index ETF (CAD-Hedged),QDXB,QDXB.TO
Mackenzie Developed Markets Real Estate Index ETF,QRET,QRET.TO
Mackenzie Emerging Markets Bond Index ETF (CAD-Hedged),QEBH,QEBH.TO
Mackenzie Emerging Markets Equity Index ETF,QEE,QEE.TO
Mackenzie Emerging Markets Local Currency Bond Index ETF,QEBL,QEBL.TO
Mackenzie Floating Rate Income ETF,MFT,MFT.TO
Mackenzie Global Fixed Income Allocation ETF,MGAB,MGAB.TO
Mackenzie Global Infrastructure Index ETF,QINF,QINF.TO
Mackenzie Global Sustainable Dividend Index ETF,MDVD,MDVD.TO
Mackenzie Growth Allocation ETF,MGRW,MGRW.TO
Mackenzie International Equity Index ETF,QDX,QDX.TO
Mackenzie International Equity Index ETF (CAD-Hedged),QDXH,QDXH.TO
Mackenzie Ivy Global Equity ETF,MIVG,MIVG.TO
Mackenzie Master Limited Partnership,MKZ,MKZ.TO
Mackenzie Maximum Diversification All World Developed ex North America Index ETF,MXU,MXU.TO
Mackenzie Maximum Diversification All World Developed Index ETF,MWD,MWD.TO
Mackenzie Maximum Diversification Canada Index ETF,MKC,MKC.TO
Mackenzie Maximum Diversification Developed Europe Index ETF,MEU,MEU.TO
Mackenzie Maximum Diversification Emerging Markets Index ETF,MEE,MEE.TO
Mackenzie Maximum Diversification US Index ETF,MUS,MUS.TO
Mackenzie Portfolio Completion ETF,MPCF,MPCF.TO
Mackenzie U.S. Aggregate Bond Index ETF (CAD-Hedged),QUB,QUB.TO
Mackenzie Unconstrained Bond ETF,MUB,MUB.TO
Mackenzie US High Yield Bond Index ETF (CAD-Hedged),QHY,QHY.TO
Mackenzie US Investment Grade Corporate Bond Index ETF (CAD-Hedged),QUIG,QUIG.TO
Mackenzie US Large Cap Equity Index ETF,QUU,QUU.TO
Mackenzie US Large Cap Equity Index ETF (CAD-Hedged),QAH,QAH.TO
Madison Pacific Properties Inc.,MPC,MPC.TO
MAG Silver Corp.,MAG,MAG.TO
Magellan Aerospace Corporation,MAL,MAL.TO
Magna International Inc.,MG,MG.TO
Mainstreet Equity Corp.,MEQ,MEQ.TO
Major Drilling Group International Inc.,MDI,MDI.TO
Mandalay Resources Corporation,MND,MND.TO
Manulife Financial Corporation,MFC,MFC.TO
Manulife Multifactor Canadian Large Cap Index ETF,MCLC,MCLC.TO
Manulife Multifactor Canadian SMID Cap Index ETF,MCSM,MCSM.TO
Manulife Multifactor Developed International Index ETF,MINT,MINT.TO
Manulife Multifactor Emerging Markets Index ETF,MEME,MEME.TO
Manulife Multifactor U.S. Large Cap Index ETF,MULC,MULC.TO
Manulife Multifactor U.S. Mid Cap Index ETF,MUMC,MUMC.TO
Manulife Multifactor U.S. Small Cap Index ETF,MUSC,MUSC.TO
Manulife Smart Core Bond ETF,BSKT,BSKT.TO
Manulife Smart Corporate Bond ETF,CBND,CBND.TO
Manulife Smart Defensive Equity ETF,CDEF,CDEF.TO
Manulife Smart Dividend ETF,CDIV,CDIV.TO
Manulife Smart International Defensive Equity ETF,IDEF,IDEF.TO
Manulife Smart International Dividend ETF,IDIV,IDIV.TO
Manulife Smart Short-Term Bond ETF,TERM,TERM.TO
Manulife Smart U.S. Defensive Equity ETF,UDEF,UDEF.TO
Manulife Smart U.S. Dividend ETF,UDIV,UDIV.TO
Maple Leaf Foods Inc.,MFI,MFI.TO
Marathon Gold Corporation,MOZ,MOZ.TO
Marimaca Copper Corp.,MARI,MARI.TO
Martinrea International Inc.,MRE,MRE.TO
MAV Beauty Brands Inc.,MAV,MAV.TO
Mawson Gold Limited,MAW,MAW.TO
Maxim Power Corp.,MXG,MXG.TO
MCAN Mortgage Corporation,MKP,MKP.TO
McCoy Global Inc.,MCB,MCB.TO
McEwen Mining Inc.,MUX,MUX.TO
MCI Onehealth Technologies Inc.,DRDR,DRDR.TO
MDA Ltd.,MDA,MDA.TO
mdf commerce inc.,MDF,MDF.TO
Medexus Pharmaceuticals Inc.,MDP,MDP.TO
MediaValet Inc.,MVP,MVP.TO
Medical Facilities Corporation,DR,DR.TO
Medicenna Therapeutics Corp.,MDNA,MDNA.TO
MediPharm Labs Corp.,LABS,LABS.TO
MEG Energy Corp.,MEG,MEG.TO
Mega Uranium Ltd.,MGA,MGA.TO
Melcor Developments Ltd.,MRD,MRD.TO
Melcor Real Estate Investment Trust,MR,MR.TO
Meridian Mining UK Societas,MNO,MNO.TO
Methanex Corporation,MX,MX.TO
Metro Inc.,MRU,MRU.TO
Microbix Biosystems Inc.,MBX,MBX.TO
Middlefield Global Real Asset Fund,RA,RA.TO
Middlefield Healthcare Dividend ETF,MHCD,MHCD.TO
Middlefield Innovation Dividend ETF,MINN,MINN.TO
Middlefield Real Estate Dividend ETF,MREL,MREL.TO
Middlefield Sustainable Global Dividend ETF,MDIV,MDIV.TO
Middlefield Sustainable Infrastructure Dividend ETF,MINF,MINF.TO
Middlefield U.S. Equity Dividend ETF,MUSA,MUSA.TO
Minco Silver Corporation,MSV,MSV.TO
Mineros S.A.,MSA,MSA.TO
MINT Income Fund,MID,MID.TO
Minto Apartment Real Estate Investment Trust,MI,MI.TO
Mogo Inc.,MOGO,MOGO.TO
Molson Coors Canada Inc.,TPX,TPX.TO
Monarch Mining Corporation,GBAR,GBAR.TO
Moneta Gold Inc.,ME,ME.TO
Morguard Corporation,MRC,MRC.TO
Morguard North American Residential Real Estate Investment Trust,MRG,MRG.TO
Morguard Real Estate Investment Trust,MRT,MRT.TO
Mountain Province Diamonds Inc.,MPVD,MPVD.TO
MTY Food Group Inc.,MTY,MTY.TO
Mullen Group Ltd.,MTL,MTL.TO
Mulvihill Canadian Bank Enhanced Yield ETF,CBNK,CBNK.TO
Mulvihill Premium Yield Fund ETF,MPY,MPY.TO
Mulvihill U.S. Health Care Enhanced Yield ETF,XLVE,XLVE.TO
Nano One Materials Corp.,NANO,NANO.TO
NanoXplore Inc.,GRA,GRA.TO
National Bank of Canada,NA,NA.TO
NBI Active Canadian Preferred Shares ETF,NPRF,NPRF.TO
NBI Active International Equity ETF,NINT,NINT.TO
NBI Active U.S. Equity ETF,NUSA,NUSA.TO
NBI Canadian Dividend Income ETF,NDIV,NDIV.TO
NBI Canadian Family Business ETF,NFAM,NFAM.TO
NBI Global Private Equity ETF,NGPE,NGPE.TO
NBI Global Real Assets Income ETF,NREA,NREA.TO
NBI High Yield Bond ETF,NHYB,NHYB.TO
NBI Liquid Alternatives ETF,NALT,NALT.TO
NBI Sustainable Canadian Bond ETF,NSCB,NSCB.TO
NBI Sustainable Canadian Corporate Bond ETF,NSCC,NSCC.TO
NBI Sustainable Canadian Equity ETF,NSCE,NSCE.TO
NBI Sustainable Canadian Short Term Bond ETF,NSSB,NSSB.TO
NBI Sustainable Global Equity ETF,NSGE,NSGE.TO
NBI Unconstrained Fixed Income ETF,NUBF,NUBF.TO
Neighbourly Pharmacy Inc.,NBLY,NBLY.TO
Neo Performance Materials Inc.,NEO,NEO.TO
Nevada Copper Corp.,NCU,NCU.TO
New Gold Inc.,NGD,NGD.TO
New Pacific Metals Corp.,NUAG,NUAG.TO
Newcrest Mining Limited,NCM,NCM.TO
Newmont Corporation,NGT,NGT.TO
NexGen Energy Ltd.,NXE,NXE.TO
NextSource Materials Inc.,NEXT,NEXT.TO
Nexus Industrial REIT,NXR,NXR.TO
NFI Group Inc.,NFI,NFI.TO
Nickel Creek Platinum Corp.,NCP,NCP.TO
Nighthawk Gold Corp.,NHK,NHK.TO
Ninepoint Web3 Innovators Fund,TKN,TKN.TO
NioCorp Developments Ltd.,NB,NB.TO
North American Construction Group Ltd.,NOA,NOA.TO
North American Financial 15 Split Corp.,FFN,FFN.TO
North West Company Inc. (The),NWC,NWC.TO
Northcliff Resources Ltd.,NCF,NCF.TO
Northern Dynasty Minerals Ltd.,NDM,NDM.TO
Northland Power Inc.,NPI,NPI.TO
Northview Residential REIT,NRR,NRR.TO
Northwest Healthcare Properties Real Estate Investment Trust,NWH,NWH.TO
Nova Cannabis Inc.,NOVC,NOVC.TO
Novagold Resources Inc.,NG,NG.TO
Novo Resources Corp.,NVO,NVO.TO
Numinus Wellness Inc.,NUMI,NUMI.TO
Nutrien Ltd.,NTR,NTR.TO
Nuvei Corporation,NVEI,NVEI.TO
NuVista Energy Ltd.,NVA,NVA.TO
NXT Energy Solutions Inc.,SFD,SFD.TO
Obsidian Energy Ltd.,OBE,OBE.TO
OceanaGold Corporation,OGC,OGC.TO
Olympia Financial Group Inc.,OLY,OLY.TO
Oncolytics Biotech Inc.,ONC,ONC.TO
ONEX Corporation,ONEX,ONEX.TO
Open Text Corporation,OTEX,OTEX.TO
Opsens Inc.,OPS,OPS.TO
Optiva Inc.,OPT,OPT.TO
Orbit Garant Drilling Inc.,OGD,OGD.TO
Orea Mining Corp.,OREA,OREA.TO
Orezone Gold Corporation,ORE,ORE.TO
Organigram Holdings Inc.,OGI,OGI.TO
Orla Mining Ltd.,OLA,OLA.TO
Orvana Minerals Corp.,ORV,ORV.TO
Osisko Gold Royalties Ltd.,OR,OR.TO
Osisko Green Acquisition Limited,GOGR,GOGR.TO
Osisko Mining Inc.,OSK,OSK.TO
Ovintiv Inc.,OVV,OVV.TO
Pan American Silver Corp.,PAAS,PAAS.TO
Paramount Resources Ltd.,POU,POU.TO
Parex Resources Inc.,PXT,PXT.TO
Park Lawn Corporation,PLC,PLC.TO
Parkland Corporation,PKI,PKI.TO
Partners Value Split Corp.,PVS,PVS.TO
Pason Systems Inc.,PSI,PSI.TO
Payfare Inc.,PAY,PAY.TO
Pembina Pipeline Corporation,PPL,PPL.TO
Perpetua Resources Corp.,PPTA,PPTA.TO
Perpetual Energy Inc.,PMT,PMT.TO
Perseus Mining Limited,PRU,PRU.TO
Pet Valu Holdings Ltd.,PET,PET.TO
PetroTal Corp.,TAL,TAL.TO
Petrus Resources Ltd.,PRQ,PRQ.TO
Peyto Exploration & Development Corp.,PEY,PEY.TO
PHX Energy Services Corp.,PHX,PHX.TO
Picton Mahoney Fortified Active Extension Alternative Fund,PFAE,PFAE.TO
Picton Mahoney Fortified Alpha Alternative Fund,PFAA,PFAA.TO
Picton Mahoney Fortified Core Bond Fund ETF,PFCB,PFCB.TO
Picton Mahoney Fortified Income Alternative Fund,PFIA,PFIA.TO
Picton Mahoney Fortified Long Short Alternative Fund,PFLS,PFLS.TO
Picton Mahoney Fortified Market Neutral Alternative Fund,PFMN,PFMN.TO
Picton Mahoney Fortified Multi-Strategy Alternative Fund,PFMS,PFMS.TO
Picton Mahoney Fortified Special Situations Alternative Fund,PFSS,PFSS.TO
Picton Mahoney Tactical Income Fund,PMB,PMB.TO
Pieridae Energy Limited,PEA,PEA.TO
PIMCO Global Income Opportunities Fund,PGI,PGI.TO
PIMCO Global Short Maturity Fund (Canada),PMNT,PMNT.TO
PIMCO Investment Grade Credit Fund (Canada),IGCF,IGCF.TO
PIMCO Low Duration Monthly Income Fund (Canada),PLDI,PLDI.TO
PIMCO Managed Conservative Bond Pool,PCON,PCON.TO
PIMCO Managed Core Bond Pool,PCOR,PCOR.TO
PIMCO Monthly Income Fund (Canada),PMIF,PMIF.TO
PIMCO Multi-Sector Income Fund,PIX,PIX.TO
PIMCO Tactical Income Fund,PTI,PTI.TO
PIMCO Tactical Income Opportunities Fund,PTO,PTO.TO
Pine Cliff Energy Ltd.,PNE,PNE.TO
Pinetree Capital Ltd.,PNP,PNP.TO
Pipestone Energy Corp.,PIPE,PIPE.TO
Pizza Pizza Royalty Corp.,PZA,PZA.TO
Platinum Group Metals Ltd.,PTM,PTM.TO
Plaza Retail REIT,PLZ,PLZ.TO
Polaris Renewable Energy Inc.,PIF,PIF.TO
Pollard Banknote Limited,PBL,PBL.TO
Polymet Mining Corp.,POM,POM.TO
Postmedia Network Canada Corp.,PNC,PNC.TO
Power Corporation of Canada,POW,POW.TO
Power Financial Corporation,PWF,PWF.TO
Prairie Provident Resources Inc.,PPR,PPR.TO
PrairieSky Royalty Ltd.,PSK,PSK.TO
Precious Metals and Mining Trust,MMP,MMP.TO
Precision Drilling Corporation,PD,PD.TO
Premium Brands Holdings Corporation,PBH,PBH.TO
Premium Cash Management Fund,MCAD,MCAD.TO
Premium Income Corporation,PIC,PIC.TO
Primaris Real Estate Investment Trust,PMZ,PMZ.TO
Prime Dividend Corp.,PDV,PDV.TO
Primo Water Corporation,PRMW,PRMW.TO
PRO Real Estate Investment Trust,PRV,PRV.TO
Probe Gold Inc.,PRB,PRB.TO
Profound Medical Corp.,PRN,PRN.TO
Propel Holdings Inc.,PRL,PRL.TO
Pulse Seismic Inc.,PSD,PSD.TO
Purpose Best Ideas Fund,PBI,PBI.TO
Purpose Bitcoin ETF,BTCC,BTCC.TO
Purpose Bitcoin Yield ETF,BTCY,BTCY.TO
Purpose Canadian Financial Income Fund,BNC,BNC.TO
Purpose Cash Management Fund ETF,MNY,MNY.TO
Purpose Conservative Income Fund,PRP,PRP.TO
Purpose Core Dividend Fund,PDF,PDF.TO
Purpose Credit Opportunities Fund,CROP,CROP.TO
Purpose Diversified Real Asset Fund,PRA,PRA.TO
Purpose Energy Transition Fund,CLMT,CLMT.TO
Purpose Enhanced Dividend Fund,PDIV,PDIV.TO
Purpose Enhanced Premium Yield Fund,PAYF,PAYF.TO
Purpose Ether ETF,ETHH,ETHH.TO
Purpose Ether Yield ETF,ETHY,ETHY.TO
Purpose Global Bond Class,IGB,IGB.TO
Purpose Global Bond Fund ETF,BND,BND.TO
Purpose Global Flexible Credit Fund ETF,FLX,FLX.TO
Purpose Global Innovators Fund,PINV,PINV.TO
Purpose Gold Bullion Fund,KILO,KILO.TO
Purpose High Interest Savings Fund,PSA,PSA.TO
Purpose International Dividend Fund,PID,PID.TO
Purpose International Tactical Hedged Equity Fund,PHW,PHW.TO
Purpose Monthly Income Fund,PIN,PIN.TO
Purpose Multi-Asset Income Fund,PINC,PINC.TO
Purpose Multi-Strategy Market Neutral Fund,PMM,PMM.TO
Purpose Premium Yield Fund,PYF,PYF.TO
Purpose Real Estate Income Fund,PHR,PHR.TO
Purpose Silver Bullion Trust ETF,SBT,SBT.TO
Purpose Strategic Yield Fund,SYLD,SYLD.TO
Purpose Tactical Hedged Equity Fund,PHE,PHE.TO
Purpose Total Return Bond Fund,PBD,PBD.TO
Purpose US Cash Fund ETF,PSU,PSU.TO
Purpose USD Cash Management Fund,MNU,MNU.TO
PyroGenesis Canada Inc.,PYR,PYR.TO
Q4 Inc.,QFOR,QFOR.TO
Quarterhill Inc.,QTRH,QTRH.TO
Quebecor Inc.,QBR,QBR.TO
Queen's Road Capital Investment Ltd.,QRC,QRC.TO
Questerre Energy Corporation,QEC,QEC.TO
Quipt Home Medical Corp.,QIPT,QIPT.TO
Ravensource Fund,RAV,RAV.TO
"RB Global, Inc.",RBA,RBA.TO
RBC 1-5 Year Laddered Canadian Bond ETF,RLB,RLB.TO
RBC 1-5 Year Laddered Corporate Bond ETF,RBO,RBO.TO
RBC Canadian Bank Yield Index ETF,RBNK,RBNK.TO
RBC Canadian Dividend Covered Call ETF,RCDC,RCDC.TO
RBC Canadian Preferred Share ETF,RPF,RPF.TO
RBC PH&N Short Term Canadian Bond ETF,RPSB,RPSB.TO
RBC Quant Canadian Dividend Leaders ETF,RCD,RCD.TO
RBC Quant Canadian Equity Leaders ETF,RCE,RCE.TO
RBC Quant EAFE Dividend Leaders (CAD Hedged) ETF,RIDH,RIDH.TO
RBC Quant EAFE Dividend Leaders ETF,RID,RID.TO
RBC Quant EAFE Equity Leaders (CAD Hedged) ETF,RIEH,RIEH.TO
RBC Quant EAFE Equity Leaders ETF,RIE,RIE.TO
RBC Quant Emerging Markets Dividend Leaders ETF,RXD,RXD.TO
RBC Quant Emerging Markets Equity Leaders ETF,RXE,RXE.TO
RBC Quant European Dividend Leaders (CAD Hedged) ETF,RPDH,RPDH.TO
RBC Quant European Dividend Leaders ETF,RPD,RPD.TO
RBC Quant U.S. Dividend Leaders (CAD Hedged) ETF,RUDH,RUDH.TO
RBC Quant U.S. Dividend Leaders ETF,RUD,RUD.TO
RBC Quant U.S. Equity Leaders (CAD Hedged) ETF,RUEH,RUEH.TO
RBC Quant U.S. Equity Leaders ETF,RUE,RUE.TO
RBC Short Term U.S. Corporate Bond ETF,RUSB,RUSB.TO
RBC Target 2023 Corporate Bond Index ETF,RQK,RQK.TO
RBC Target 2024 Corporate Bond Index ETF,RQL,RQL.TO
RBC Target 2024 Government Bond ETF,RGQL,RGQL.TO
RBC Target 2025 Corporate Bond Index ETF,RQN,RQN.TO
RBC Target 2025 Government Bond ETF,RGQN,RGQN.TO
RBC Target 2026 Corporate Bond Index ETF,RQO,RQO.TO
RBC Target 2026 Government Bond ETF,RGQO,RGQO.TO
RBC Target 2027 Corporate Bond Index ETF,RQP,RQP.TO
RBC Target 2027 Government Bond ETF,RGQP,RGQP.TO
RBC Target 2028 Corporate Bond Index ETF,RQQ,RQQ.TO
RBC Target 2028 Government Bond ETF,RGQQ,RGQQ.TO
RBC Target 2029 Corporate Bond Index ETF,RQR,RQR.TO
RBC Target 2029 Government Bond ETF,RGQR,RGQR.TO
RBC U.S. Banks Yield (CAD Hedged) Index ETF,RUBH,RUBH.TO
RBC U.S. Banks Yield Index ETF,RUBY,RUBY.TO
RBC U.S. Discount Bond (CAD Hedged) ETF,RDBH,RDBH.TO
RBC U.S. Discount Bond ETF,RUDB,RUDB.TO
RBC U.S. Dividend Covered Call ETF,RUDC,RUDC.TO
Real Estate Split Corp.,RS,RS.TO
Real Matters Inc.,REAL,REAL.TO
Restaurant Brands International Inc.,QSR,QSR.TO
Restaurant Brands International Limited Partnership,QSP,QSP.TO
Resverlogix Corp.,RVX,RVX.TO
RF Capital Group Inc.,RCG,RCG.TO
Richards Packaging Income Fund,RPI,RPI.TO
Richelieu Hardware Ltd.,RCH,RCH.TO
Ridgewood Canadian Investment Grade Bond Fund,RIB,RIB.TO
Riocan Real Estate Investment Trust,REI,REI.TO
Rogers Communications Inc.,RCI,RCI.TO
Rogers Sugar Inc.,RSI,RSI.TO
Roots Corporation,ROOT,ROOT.TO
Royal Bank of Canada,RY,RY.TO
Royal Canadian Mint - Canadian Gold Reserves,MNT,MNT.TO
Royal Canadian Mint - Canadian Silver Reserves,MNS,MNS.TO
RTG Mining Inc.,RTG,RTG.TO
Rubellite Energy Inc.,RBY,RBY.TO
Rupert Resources Ltd.,RUP,RUP.TO
Russel Metals Inc.,RUS,RUS.TO
Russell Investments Fixed Income Pool,RIFI,RIFI.TO
Russell Investments Global Infrastructure Pool,RIIN,RIIN.TO
Russell Investments Real Assets,RIRA,RIRA.TO
S Split Corp.,SBN,SBN.TO
Sabre Gold Mines Corp.,SGLD,SGLD.TO
Sagen MI Canada Inc.,MIC,MIC.TO
Sagicor Financial Company Ltd.,SFC,SFC.TO
Sandstorm Gold Ltd.,SSL,SSL.TO
Sangoma Technologies Corporation,STC,STC.TO
Saputo Inc.,SAP,SAP.TO
Saturn Oil & Gas Inc.,SOIL,SOIL.TO
Savaria Corporation,SIS,SIS.TO
Scandium International Mining Corp.,SCY,SCY.TO
Seabridge Gold Inc.,SEA,SEA.TO
Secure Energy Services Inc.,SES,SES.TO
Sentry Select Primary Metals Corp.,PME,PME.TO
Senvest Capital Inc.,SEC,SEC.TO
Serabi Gold plc,SBI,SBI.TO
Sernova Corp.,SVA,SVA.TO
ShawCor Ltd.,MATR,MATR.TO
Sherritt International Corporation,S,S.TO
Shopify Inc.,SHOP,SHOP.TO
Sienna Senior Living Inc.,SIA,SIA.TO
Sierra Metals Inc.,SMT,SMT.TO
Signal Gold Inc.,SGNL,SGNL.TO
Silver Bear Resources plc,SBR,SBR.TO
"Silver Bull Resources, Inc.",SVB,SVB.TO
Silver Elephant Mining Corp.,ELEF,ELEF.TO
Silvercorp Metals Inc.,SVM,SVM.TO
SilverCrest Metals Inc.,SIL,SIL.TO
SIR Royalty Income Fund,SRV,SRV.TO
Skeena Resources Limited,SKE,SKE.TO
Slate Grocery REIT,SGR,SGR.TO
Slate Office REIT,SOT,SOT.TO
Sleep Country Canada Holdings Inc.,ZZZ,ZZZ.TO
SmartCentres Real Estate Investment Trust,SRU,SRU.TO
SNC-Lavalin Group Inc.,SNC,SNC.TO
Softchoice Corporation,SFTC,SFTC.TO
Solaris Resources Inc.,SLS,SLS.TO
SolGold plc,SOLG,SOLG.TO
Solitario Resources Corp.,SLR,SLR.TO
Solution Financial Inc.,SFI,SFI.TO
Source Energy Services Ltd.,SHLE,SHLE.TO
Spark Power Group Inc.,SPG,SPG.TO
Spartan Delta Corp.,SDE,SDE.TO
Spectral Medical Inc.,EDT,EDT.TO
Spin Master Corp.,TOY,TOY.TO
Sprott Inc.,SII,SII.TO
Sprott Physical Gold and Silver Trust,CEF,CEF.TO
Sprott Physical Gold Trust,PHYS,PHYS.TO
Sprott Physical Platinum and Palladium Trust,SPPP,SPPP.TO
Sprott Physical Silver Trust,PSLV,PSLV.TO
Sprott Physical Uranium Trust,U,U.TO
SSR Mining Inc.,SSRM,SSRM.TO
St. Augustine Gold and Copper Limited,SAU,SAU.TO
Stack Capital Group Inc.,STCK,STCK.TO
StageZero Life Sciences Ltd.,SZLS,SZLS.TO
Standard Mercantile Acquisition Corp.,SMA,SMA.TO
Stantec Inc.,STN,STN.TO
Star Diamond Corporation,DIAM,DIAM.TO
Starcore International Mines Ltd.,SAM,SAM.TO
Stelco Holdings Inc.,STLC,STLC.TO
Stella-Jones Inc.,SJ,SJ.TO
STEP Energy Services Ltd.,STEP,STEP.TO
Steppe Gold Ltd.,STGO,STGO.TO
Stingray Group Inc.,RAY,RAY.TO
StorageVault Canada Inc.,SVI,SVI.TO
Sulliden Mining Capital Inc.,SMC,SMC.TO
Sun Life Financial Inc.,SLF,SLF.TO
Suncor Energy Inc.,SU,SU.TO
SunOpta Inc.,SOY,SOY.TO
Superior Plus Corp.,SPB,SPB.TO
Supremex Inc.,SXP,SXP.TO
Surge Energy Inc.,SGY,SGY.TO
Sustainable Innovation & Health Dividend Fund,SIH,SIH.TO
Sustainable Power & Infrastructure Split Corp.,PWI,PWI.TO
Sustainable Real Estate Dividend Fund,MSRE,MSRE.TO
Swiss Water Decaffeinated Coffee Inc.,SWP,SWP.TO
Sylogist Ltd.,SYZ,SYZ.TO
Symphony Floating Rate Senior Loan Fund,SSF,SSF.TO
Synex Renewable Energy Corporation,SXI,SXI.TO
Taiga Building Products Ltd.,TBL,TBL.TO
Taiga Motors Corporation,TAIG,TAIG.TO
Talisker Resources Ltd.,TSK,TSK.TO
Talon Metals Corp.,TLO,TLO.TO
Tamarack Valley Energy Ltd.,TVE,TVE.TO
Tantalus Systems Holding Inc.,GRID,GRID.TO
Taseko Mines Limited,TKO,TKO.TO
TC Energy Corporation,TRP,TRP.TO
TD Active Global Enhanced Dividend ETF,TGED,TGED.TO
TD Active Global Equity Growth ETF,TGGR,TGGR.TO
TD Active Global Income ETF,TGFI,TGFI.TO
TD Active Global Infrastructure Equity ETF,TINF,TINF.TO
TD Active Global Real Estate Equity ETF,TGRE,TGRE.TO
TD Active Preferred Share ETF,TPRF,TPRF.TO
TD Active U.S. Enhanced Dividend CAD Hedged ETF,TUEX,TUEX.TO
TD Active U.S. Enhanced Dividend ETF,TUED,TUED.TO
TD Active U.S. High Yield Bond ETF,TUHY,TUHY.TO
TD Canadian Aggregate Bond Index ETF,TDB,TDB.TO
TD Canadian Bank Dividend Index ETF,TBNK,TBNK.TO
TD Canadian Equity Index ETF,TTP,TTP.TO
TD Canadian Long Term Federal Bond ETF,TCLB,TCLB.TO
TD Global Carbon Credit Index ETF,TCBN,TCBN.TO
TD Global Healthcare Leaders Index ETF,TDOC,TDOC.TO
TD Global Technology Innovators Index ETF,TECI,TECI.TO
TD Global Technology Leaders CAD Hedged Index ETF,TECX,TECX.TO
TD Global Technology Leaders Index ETF,TEC,TEC.TO
TD Income Builder ETF,TPAY,TPAY.TO
TD International Equity CAD Hedged Index ETF,THE,THE.TO
TD International Equity Index ETF,TPE,TPE.TO
TD Morningstar ESG Canada Corporate Bond Index ETF,TMCC,TMCC.TO
TD Morningstar ESG Canada Equity Index ETF,TMEC,TMEC.TO
TD Morningstar ESG International Equity Index ETF,TMEI,TMEI.TO
TD Morningstar ESG U.S. Corporate Bond Index ETF,TMUC,TMUC.TO
TD Morningstar ESG U.S. Equity Index ETF,TMEU,TMEU.TO
TD One-Click Aggressive ETF,TOCA,TOCA.TO
TD One-Click Conservative ETF,TOCC,TOCC.TO
TD One-Click Moderate ETF,TOCM,TOCM.TO
TD Q Canadian Dividend ETF,TQCD,TQCD.TO
TD Q Canadian Low Volatility ETF,TCLV,TCLV.TO
TD Q Global Dividend ETF,TQGD,TQGD.TO
TD Q Global Multifactor ETF,TQGM,TQGM.TO
TD Q International Low Volatility ETF,TILV,TILV.TO
TD Q U.S. Low Volatility ETF,TULV,TULV.TO
TD Q U.S. Small-Mid-Cap Equity ETF,TQSM,TQSM.TO
TD Select Short Term Corporate Bond Ladder ETF,TCSB,TCSB.TO
TD Select U.S. Short Term Corporate Bond Ladder ETF,TUSB,TUSB.TO
TD U.S. Equity CAD Hedged Index ETF,THU,THU.TO
TD U.S. Equity Index ETF,TPU,TPU.TO
TD U.S. Long Term Treasury Bond ETF,TULB,TULB.TO
TDb Split Corp.,XTD,XTD.TO
Teck Resources Limited,TECK,TECK.TO
TECSYS Inc.,TCS,TCS.TO
Telesat Corporation,TSAT,TSAT.TO
TELUS Corporation,T,T.TO
TELUS International (Cda) Inc.,TIXT,TIXT.TO
Tenaz Energy Corp.,TNZ,TNZ.TO
TeraGo Inc.,TGO,TGO.TO
TerrAscend Corp.,TSND,TSND.TO
TerraVest Industries Inc.,TVK,TVK.TO
Tetra Bio-Pharma Inc.,TBP,TBP.TO
TFI International Inc.,TFII,TFII.TO
The Bitcoin Fund,QBTC,QBTC.TO
The Ether Fund,QETH,QETH.TO
Theratechnologies Inc.,TH,TH.TO
Thinkific Labs Inc.,THNC,THNC.TO
Thomson Reuters Corporation,TRI,TRI.TO
Tidewater Midstream and Infrastructure Ltd.,TWM,TWM.TO
Tidewater Renewables Ltd.,LCFS,LCFS.TO
"Tilray Brands, Inc.",TLRY,TLRY.TO
Timbercreek Financial Corp.,TF,TF.TO
Titan Medical Inc.,TMD,TMD.TO
Titan Mining Corporation,TI,TI.TO
Titanium Transportation Group Inc.,TTNM,TTNM.TO
TMX Group Limited,X,X.TO
Top 10 Split Trust,TXT,TXT.TO
Topaz Energy Corp.,TPZ,TPZ.TO
Torex Gold Resources Inc.,TXG,TXG.TO
Toromont Industries Ltd.,TIH,TIH.TO
Toronto-Dominion Bank (The),TD,TD.TO
Total Energy Services Inc.,TOT,TOT.TO
Touchstone Exploration Inc.,TXP,TXP.TO
Tourmaline Oil Corp.,TOU,TOU.TO
TransAlta Corporation,TA,TA.TO
TransAlta Renewables Inc.,RNW,RNW.TO
Transat A.T. Inc.,TRZ,TRZ.TO
Transcontinental Inc.,TCL,TCL.TO
Treasury Metals Inc.,TML,TML.TO
Tree Island Steel Ltd.,TSL,TSL.TO
Trican Well Service Ltd.,TCW,TCW.TO
Tricon Residential Inc.,TCN,TCN.TO
Trilogy Metals Inc.,TMQ,TMQ.TO
Triple Flag Precious Metals Corp.,TFPM,TFPM.TO
Trisura Group Ltd.,TSU,TSU.TO
Troilus Gold Corp.,TLG,TLG.TO
True North Commercial Real Estate Investment Trust,TNT,TNT.TO
TRX Gold Corporation,TNX,TNX.TO
Tucows Inc.,TC,TC.TO
TVA Group Inc.,TVA,TVA.TO
TWC Enterprises Limited,TWC,TWC.TO
Unisync Corp.,UNI,UNI.TO
United Corporations Limited,UNC,UNC.TO
Uranium Royalty Corp.,URC,URC.TO
Urbana Corporation,URB,URB.TO
Ur-Energy Inc.,URE,URE.TO
US Financial 15 Split Corp.,FTU,FTU.TO
US High Interest Savings Account Fund Unhedged ETF,HISU,HISU.TO
US Premium Cash Management Fund,MUSD,MUSD.TO
Valeo Pharma Inc.,VPH,VPH.TO
Valeura Energy Inc.,VLE,VLE.TO
Vanguard All-Equity ETF Portfolio,VEQT,VEQT.TO
Vanguard Balanced ETF Portfolio,VBAL,VBAL.TO
Vanguard Canadian Aggregate Bond Index ETF,VAB,VAB.TO
Vanguard Canadian Corporate Bond Index ETF,VCB,VCB.TO
Vanguard Canadian Government Bond Index ETF,VGV,VGV.TO
Vanguard Canadian Long-Term Bond Index ETF,VLB,VLB.TO
Vanguard Canadian Short-Term Bond Index ETF,VSB,VSB.TO
Vanguard Canadian Short-Term Corporate Bond Index ETF,VSC,VSC.TO
Vanguard Conservative ETF Portfolio,VCNS,VCNS.TO
Vanguard Conservative Income ETF Portfolio,VCIP,VCIP.TO
Vanguard FTSE Canada All Cap Index ETF,VCN,VCN.TO
Vanguard FTSE Canada Index ETF,VCE,VCE.TO
Vanguard FTSE Canadian Capped REIT Index ETF,VRE,VRE.TO
Vanguard FTSE Canadian High Dividend Yield Index ETF,VDY,VDY.TO
Vanguard FTSE Developed All Cap ex North America Index ETF,VIU,VIU.TO
Vanguard FTSE Developed All Cap ex North America Index ETF (CAD-hedged),VI,VI.TO
Vanguard FTSE Developed All Cap Ex U.S. Index ETF,VDU,VDU.TO
Vanguard FTSE Developed All Cap Ex U.S. Index ETF (CAD-hedged),VEF,VEF.TO
Vanguard FTSE Developed Asia Pacific All Cap Index ETF,VA,VA.TO
Vanguard FTSE Developed Europe All Cap Index ETF,VE,VE.TO
Vanguard FTSE Developed ex North America High Dividend Yield Index ETF,VIDY,VIDY.TO
Vanguard FTSE Emerging Markets All Cap Index ETF,VEE,VEE.TO
Vanguard FTSE Global All Cap ex Canada Index ETF,VXC,VXC.TO
Vanguard Global Minimum Volatility ETF,VVO,VVO.TO
Vanguard Global Momentum Factor ETF,VMO,VMO.TO
Vanguard Global Value Factor ETF,VVL,VVL.TO
Vanguard Growth ETF Portfolio,VGRO,VGRO.TO
Vanguard Retirement Income ETF,VRIF,VRIF.TO
Vanguard S&P 500 Index ETF,VFV,VFV.TO
Vanguard S&P 500 Index ETF (CAD-hedged),VSP,VSP.TO
Vanguard U.S. Dividend Appreciation Index ETF,VGG,VGG.TO
Vanguard U.S. Dividend Appreciation Index ETF (CAD-hedged),VGH,VGH.TO
Vanguard U.S. Total Market Index ETF,VUN,VUN.TO
Vanguard U.S. Total Market Index ETF (CAD-hedged),VUS,VUS.TO
Vecima Networks Inc.,VCM,VCM.TO
Velan Inc.,VLN,VLN.TO
Verde Agritech Ltd,NPK,NPK.TO
Vermilion Energy Inc.,VET,VET.TO
VersaBank,VBNK,VBNK.TO
VerticalScope Holdings Inc.,FORA,FORA.TO
Victoria Gold Corp.,VGCX,VGCX.TO
"Viemed Healthcare, Inc.",VMD,VMD.TO
VIQ Solutions Inc.,VQS,VQS.TO
Vista Gold Corp.,VGZ,VGZ.TO
Vitalhub Corp.,VHI,VHI.TO
VM Hotel Acquisition Corp.,VMH,VMH.TO
Vox Royalty Corp.,VOXR,VOXR.TO
Wajax Corporation,WJX,WJX.TO
Wall Financial Corporation,WFC,WFC.TO
Wallbridge Mining Company Limited,WM,WM.TO
"Waste Connections, Inc.",WCN,WCN.TO
Wealthsimple Developed Markets ex North America Socially Responsible Index ETF,WSRD,WSRD.TO
Wealthsimple North America Socially Responsible Index ETF,WSRI,WSRI.TO
WELL Health Technologies Corp.,WELL,WELL.TO
Wesdome Gold Mines Ltd.,WDO,WDO.TO
West Fraser Timber Co. Ltd.,WFG,WFG.TO
Western Copper and Gold Corporation,WRN,WRN.TO
Western Energy Services Corp.,WRG,WRG.TO
Western Forest Products Inc.,WEF,WEF.TO
Western Resources Corp.,WRX,WRX.TO
Westport Fuel Systems Inc.,WPRT,WPRT.TO
Westshore Terminals Investment Corporation,WTE,WTE.TO
Wheaton Precious Metals Corp.,WPM,WPM.TO
Whitecap Resources Inc.,WCP,WCP.TO
WildBrain Ltd.,WILD,WILD.TO
Willow Biosciences Inc.,WLLW,WLLW.TO
Wilmington Capital Management Inc.,WCM,WCM.TO
Winpak Ltd.,WPK,WPK.TO
WonderFi Technologies Inc.,WNDR,WNDR.TO
World Financial Split Corp.,WFS,WFS.TO
WSP Global Inc.,WSP,WSP.TO
Xanadu Mines Ltd.,XAM,XAM.TO
Xtract One Technologies Inc.,XTRA,XTRA.TO
Xtra-Gold Resources Corp.,XTG,XTG.TO
Yangarra Resources Ltd.,YGR,YGR.TO
Yellow Pages Limited,Y,Y.TO
Yorbeau Resources Inc.,YRB,YRB.TO
